ENERGY STAR Unique ID,Brand Name,Model Number,Additional Model Information,UPC,Type,Width (inches),Depth (inches),Capacity - Maximum Number of Place Settings,Soil-Sensing Capability,Tub Material,Drying Method,Additional Product Features,Annual Energy Use (kWh/yr),US Federal Standard (kWh/yr),% Better than US Federal Standard (kWh/yr),Water Use (gallons/cycle),US Federal Standard (gallons/cycle),% Better than US Federal Standard (gallons/cycle),Connected Capable,Connects Using,Communication Hardware Architecture,DR Protocol,Direct on-premises Open-standard Based Interconnection,Date Available On Market, Date Certified,Markets,CB Model Identifier,Meets ENERGY STAR Most Efficient 2023 Criteria,model_number_modified
2303095,Bosch,SHPM78W54N,",SHPM78W54N,Model has a different color paint.",825225947004,Standard,,,,,,,,269,307.0,12.0,2.9,5.0,42.0,No,,,,,11/09/2016,10/26/2016,"United States, Canada",ES_31649_SHPM78W54N_08302017154816_7059442,No,SHPM78W54N
2341466,Bosch,SHSM4AZ55N,",SHSM4AZ55N,1st*-Year mfg, 2nd*-Version, 3rd*-Color",825225961208,Standard,,,,,,,,269,307.0,12.0,3.2,5.0,36.0,No,,,,,08/09/2019,08/11/2016,"United States, Canada",ES_31649_SHSM4AZ55N_07152019165003_3689386,No,SHSM4AZ55N
2399308,Bosch,SHV78B73UC,,825225968290,Standard,,,,,,,,269,307.0,12.0,3.5,5.0,30.0,Yes,,,,,05/27/2022,12/10/2020,"United States, Canada",ES_31649_SHV78B73UC_06232022103648_4374353,No,SHV78B73UC
2248710,Bosch,SHX3AR5*UC,,825225898702;825225898719;825225898924,Standard,,,,,,,,269,307.0,12.0,3.2,5.0,36.0,No,,,,,04/15/2011,12/31/2014,"United States, Canada",ES_31649_SHX3AR5*UC_12302014160021_15794,No,SHX3AR5.UC
2399309,Bosch,SHX78B75UC,,825225968573,Standard,,,,,,,,269,307.0,12.0,3.5,5.0,30.0,Yes,,,,,05/27/2022,12/10/2020,"United States, Canada",ES_31649_SHX78B75UC_06232022103649_2384455,No,SHX78B75UC
2378494,Almison,ASDW12F**A5A,,,Standard,,,,,,,,270,307.0,12.0,3.5,5.0,30.0,No,,,,,04/20/2021,05/27/2021,"United States, Canada",ES_1108549_ASDW12F**A5A_052720210252802_6552874,No,ASDW12F..A5A
2378495,Almison,ASDW12T**A5A,,,Standard,,,,,,,,270,307.0,12.0,3.5,5.0,30.0,No,,,,,04/20/2021,05/27/2021,"United States, Canada",ES_1108549_ASDW12T**A5A_052720210252478_3501887,No,ASDW12T..A5A
2300537,Asko,DBI663*,,,Standard,,,,,,,,235,307.0,23.0,3.2,5.0,36.0,No,,,,,08/01/2017,07/19/2017,"United States, Canada",ES_0031672_DBI663*_07252017033545_70137149,Yes,DBI663.
2300539,Asko,DBI664*,,,Standard,,,,,,,,235,307.0,23.0,3.2,5.0,36.0,No,,,,,08/01/2017,07/19/2017,"United States, Canada",ES_0031672_DBI664*_07252017033545_70137149,Yes,DBI664.
2300541,Asko,DBI675*,,,Standard,,,,,,,,235,307.0,23.0,3.2,5.0,36.0,No,,,,,08/01/2017,07/19/2017,"United States, Canada",ES_0031672_DBI675*_07252017033545_70137149,Yes,DBI675.
2300538,Asko,DFI663*,,,Standard,,,,,,,,235,307.0,23.0,3.2,5.0,36.0,No,,,,,08/01/2017,07/19/2017,"United States, Canada",ES_0031672_DFI663*_07252017033545_70137149,Yes,DFI663.
2300540,Asko,DFI664*,,,Standard,,,,,,,,235,307.0,23.0,3.2,5.0,36.0,No,,,,,08/01/2017,07/19/2017,"United States, Canada",ES_0031672_DFI664*_07252017033545_70137149,Yes,DFI664.
2300542,Asko,DFI675*,,,Standard,,,,,,,,235,307.0,23.0,3.2,5.0,36.0,No,,,,,08/01/2017,07/19/2017,"United States, Canada",ES_0031672_DFI675*_07252017033545_70137149,Yes,DFI675.
2309487,Asko,DOD651*,,,Standard,,,,,,,,235,307.0,23.0,3.5,5.0,30.0,No,,,,,04/01/2018,01/23/2018,"United States, Canada",ES_1123023_DOD651*_01242018024337_70171748,No,DOD651.
2320376,Beko,DDT36430***,,8690842207389; 8690842207396,Standard,,,,,,,,225,307.0,27.0,2.36,5.0,53.0,No,,,,,08/01/2018,05/23/2018,"United States, Canada",ES_1036108_DDT36430***_05232018170639_5199291,Yes,DDT36430...
2308254,Beko,DDT38530** WS,,8690842175817,Standard,,,,,,,,256,307.0,17.0,3.0,5.0,40.0,No,,,,,12/29/2017,12/20/2017,"United States, Canada",ES_1036108_DDT38530** WS_12222017173816_4296949,No,DDT38530.. WS
2310612,Beko,DDT39432***,, 8690842181641;8690842176517; 8690842189265,Standard,,,,,,,,225,307.0,27.0,2.37,5.0,53.0,No,,,,,03/26/2018,02/13/2018,"United States, Canada",ES_1036108_DDT39432***_02132018200117_2077101,Yes,DDT39432...
2308286,Beko,DIT38530,,8690842175800,Standard,,,,,,,,225,307.0,27.0,2.36,5.0,53.0,No,,,,,12/29/2017,12/20/2017,"United States, Canada",ES_1036108_DIT38530_12222017203327_4807273,Yes,DIT38530
2310613,Beko,DIT39432,,8690842176067,Standard,,,,,,,,225,307.0,27.0,2.37,5.0,53.0,No,,,,,03/26/2018,02/13/2018,"United States, Canada",ES_1036108_DIT39432_02132018200156_2116091,Yes,DIT39432
2333480,Beko,DUT36420***,",DUT36420W,; ,DUT36420X,",8690842243516;8690842243523,Standard,,,,,,,,234,307.0,24.0,2.66,5.0,47.0,No,,,,,04/01/2019,02/13/2019,"United States, Canada",ES_1036108_DUT36420***_02132019203623_0183597,Yes,DUT36420...
2308319,Blomberg,DW 52600 ****,, 8690842175367;8690842175466; 8690842175435,Standard,,,,,,,,234,307.0,24.0,2.66,5.0,47.0,No,,,,,11/15/2017,12/20/2017,"United States, Canada",ES_1036108_DW 52600 ****_12222017221332_0812934,Yes,DW 52600 ....
2308226,Blomberg,DWT 51600 ***WS,,8690842177392,Standard,,,,,,,,260,307.0,15.0,3.3,5.0,34.0,No,,,,,11/15/2017,12/20/2017,"United States, Canada",ES_1036108_DWT 51600 ***WS_12212017211523_0923781,No,DWT 51600 ...WS
2320374,Blomberg,DWT 71600 ****,,8690842197574; 8690842197550,Standard,,,,,,,,234,307.0,24.0,2.66,5.0,47.0,No,,,,,08/01/2018,05/23/2018,"United States, Canada",ES_1036108_DWT 71600 ****_05232018165312_4392395,Yes,DWT 71600 ....
2308255,Blomberg,DWT 81800 ***WS,,8690842172250,Standard,,,,,,,,256,307.0,17.0,3.0,5.0,40.0,No,,,,,12/29/2017,12/20/2017,"United States, Canada",ES_1036108_DWT 81800 ***WS_12222017173055_3855784,No,DWT 81800 ...WS
2372126,Bosch,SGE53B5*UC,,825225962410;825225964742;825225964759,Standard,,,,,,,,269,307.0,12.0,3.5,5.0,30.0,Yes,,,,,01/20/2021,12/10/2020,"United States, Canada",ES_31649_SGE53B5*UC_12102020114527_6435510,No,SGE53B5.UC
2372129,Bosch,SGE78B5*UC,,825225964766,Standard,,,,,,,,269,307.0,12.0,3.5,5.0,30.0,Yes,,,,,01/20/2021,01/18/2021,"United States, Canada",ES_31649_SGE78B5*UC_01182021133727_849726,No,SGE78B5.UC
2372127,Bosch,SGV43B5*UC,,825225964773,Standard,,,,,,,,269,307.0,12.0,3.5,5.0,30.0,Yes,,,,,01/20/2021,01/18/2021,"United States, Canada",ES_31649_SGV43B53UC_12102020114527_9255182,No,SGV43B5.UC
2372130,Bosch,SGV78B5*UC,,825225964780,Standard,,,,,,,,269,307.0,12.0,3.5,5.0,30.0,Yes,,,,,01/20/2021,01/18/2021,"United States, Canada",ES_31649_SGV78B5*UC_01182021133727_2084146,No,SGV78B5.UC
2372128,Bosch,SGX78B5*UC,,825225961949,Standard,,,,,,,,269,307.0,12.0,3.5,5.0,30.0,Yes,,,,,01/20/2021,12/10/2020,"United States, Canada",ES_31649_SGX78B5*UC_01182021133727_5759088,No,SGX78B5.UC
2251522,Bosch,SHE3ARB***,,825225921882,Standard,,,,,,,,269,307.0,12.0,3.2,5.0,36.0,No,,,,,04/15/2011,12/31/2014,"United States, Canada",ES_31649_SHE3ARB***_10282015181755_3489801,No,SHE3ARB...
2248712,Bosch,SHE3ARL*UC,,825225899075;825225899082;825225899099,Standard,,,,,,,,269,307.0,12.0,3.2,5.0,36.0,No,,,,,04/15/2011,12/31/2014,"United States, Canada",ES_31649_SHE3ARL*UC_12312014123445_1521875,No,SHE3ARL.UC
2248740,Bosch,SHE4AV5***,,825225917748;825225917755;825225917885,Standard,,,,,,,,269,307.0,12.0,3.2,5.0,36.0,No,,,,,04/15/2015,01/29/2015,"United States, Canada",ES_31649_SHE4AV5***_01292015104401_8391839,No,SHE4AV5...
2399296,Bosch,SHE53B75UC,,825225968733,Standard,,,,,,,,269,307.0,12.0,3.5,5.0,30.0,Yes,,,,,05/27/2022,12/10/2020,"United States, Canada",ES_31649_SHE53B75UC_06232022092438_7920190,No,SHE53B75UC
2508275,Comfee,C*14EFSBK1RCM,",,* could be A-Z, a-z, 0-9, - or blank",687636002310;687636004796,Standard,23.9,24.5,14.0,Yes,Stainless Steel,Heated Dry,None,240,307.0,22.0,3.2,5.0,36.0,No,,,,,05/18/2023,06/13/2023,Canada,ES_1030337_C*14EFSBK1RCM_061320230555182_3658242,Yes,C.14EFSBK1RCM
2400650,Comfee,CDC21B12***,,687636006110,Compact,,,,,,,,203,,,3.1,,,No,,,,,08/17/2022,08/16/2022,Canada,ES_1030337_CDC21B12***_08252022090002_80137459,No,CDC21B12...
2360848,Comfee,CS14EFSBK1RCM,,687636002310,Standard,,,,,,,,249,307.0,19.0,3.5,5.0,30.0,No,,,,,06/01/2020,05/27/2020,"United States, Canada",ES_1030337_CS14EFSBK1RCM_05272020190852_6532321,No,CS14EFSBK1RCM
2394264,Comfee,CW14EFSBK1RCM,,687636004796,Standard,,,,,,,,249,307.0,19.0,3.5,5.0,30.0,No,,,,,04/01/2022,03/31/2022,Canada,ES_1030337_CW14EFSBK1RCM_032820222106720_1139268,No,CW14EFSBK1RCM
2472612,COSMO,COS-DIS6502,,854115007399,Standard,23.9,24.5,8.0,Yes,Stainless Steel,Heated Dry,None,240,307.0,22.0,3.2,5.0,36.0,No,,,,,04/10/2023,05/04/2023,United States,ES_1141090_COS-DIS6502_050420230710809_2817847,Yes,COS-DIS6502
2254110,Crosley,CDB900***B,,012505113680,Standard,,,,,,,,230,307.0,25.0,3.03,5.0,39.0,No,,,,,01/29/2016,12/02/2015,United States,ES_92264_CDB900***B_12022015162859_3739558,No,CDB900...B
2270697,Crosley,CDBEH600***A,,012505115011; 012505115035; 012505115028,Standard,,,,,,,,261,307.0,15.0,3.31,5.0,34.0,No,,,,,08/04/2016,06/24/2016,United States,ES_92264_CDBEH600***A_06242016175610_0970450,No,CDBEH600...A
2306342,Crosley,CDBEH960***A,,012505115561; 012505115578,Standard,,,,,,,,256,307.0,17.0,3.07,5.0,39.0,No,,,,,10/31/2017,10/17/2017,"United States, Canada",ES_92264_CDBEH960***A_11132017134803_0883835,No,CDBEH960...A
2485665,Crosley,CDMH2450**,",,Remark: * could be A-Z, a-z, 0-9, - or blank",850029962861;850029962878;856284006876,Standard,23.9,24.5,8.0,Yes,Stainless Steel,Heated Dry,None,240,307.0,22.0,3.2,5.0,36.0,No,,,,,04/01/2023,05/16/2023,United States,ES_92264_CDMH2450**_05162023081256_9583268,Yes,CDMH2450..
2507597,Crosley,CDPM1204**,,850029962571;850029962588;850029962595,Standard,23.5,23.6,10.0,Yes,Stainless Steel,Air Dry,None,240,307.0,22.0,3.2,5.0,36.0,No,,,,,04/01/2023,04/14/2023,"United States, Canada",ES_0092264_CDPM1204**_05292023110806_80164647,Yes,CDPM1204..
2408942,Cyclone,CD18M566UP,,671519385607,Standard,17.6,22.6,8.0,Yes,Stainless Steel,Heated Dry,None,234,307.0,24.0,3.1,5.0,38.0,No,,,,,02/01/2023,02/24/2023,"United States, Canada",ES_1138523_CD18M566UP_022420230255298_5403636,Yes,CD18M566UP
2408941,Cyclone,CD18P585FC,,671519385805,Standard,17.6,22.6,8.0,Yes,Stainless Steel,Heated Dry,None,234,307.0,24.0,3.1,5.0,38.0,No,,,,,02/01/2023,02/24/2023,"United States, Canada",ES_1138523_CD18P585FC_022420230255748_7465418,Yes,CD18P585FC
2292671,Dacor,DDW24M*****,,887276215228,Standard,,,,,,,,239,307.0,22.0,3.2,5.0,36.0,No,,,,,03/24/2017,03/15/2017,"United States, Canada",ES_1016518_DDW24M*****_03192017063849_6666666,Yes,DDW24M.....
2409714,Dacor,DDW24M*****,,887276215211;887276215228,Standard,23.5,23.6,12.0,Yes,Stainless Steel,Automatic Door Release,"Top Controls,Cycle Status Lights,Third Rack",239,307.0,22.0,3.2,5.0,36.0,No,,,,,03/24/2017,02/26/2023,"United States, Canada",ES_1023593_DDW24M*****3_03062023133133_80157955,Yes,DDW24M.....
2292670,Dacor,DDW24T*****,,887276215242,Standard,,,,,,,,239,307.0,22.0,3.2,5.0,36.0,No,,,,,03/24/2017,03/15/2017,"United States, Canada",ES_1016518_DDW24T*****_03192017063849_6666666,Yes,DDW24T.....
2409713,Dacor,DDW24T*****,,887276215242,Standard,23.5,23.6,12.0,Yes,Stainless Steel,Automatic Door Release,"Top Controls,Cycle Status Lights,Third Rack",239,307.0,22.0,3.2,5.0,36.0,No,,,,,03/24/2017,02/26/2023,"United States, Canada",ES_1023593_DDW24T*****3_03062023133133_80157955,Yes,DDW24T.....
2404556,Dacor,DDW24U999AP,,887276717890,Standard,23.5,22.5,12.0,Yes,Stainless Steel,"Automatic Door Release,Heated Dry","Top Controls,Cycle Status Lights,Third Rack",239,307.0,22.0,3.2,5.0,36.0,No,,,,,01/13/2023,11/15/2022,"United States, Canada",ES_1016518_DDW24U999AP_11152022020921_80147377,Yes,DDW24U999AP
2401853,FARBERWARE,FDW04EZWAQ,,815658026605,Compact,,,,,,,,203,,,3.1,,,No,,,,,09/25/2022,09/20/2022,"United States, Canada",ES_1143080_FDW04EZWAQ_09222022105747_80142539,No,FDW04EZWAQ
2401852,FARBERWARE,FDW04EZWWH,,815658026551,Compact,,,,,,,,203,,,3.1,,,No,,,,,09/25/2022,09/20/2022,"United States, Canada",ES_1143080_FDW04EZWWH_09222022105747_80142539,No,FDW04EZWWH
2376151,FINLUX,ULAZB72A3R53I00,,8698902061292,Standard,,,,,,,,260,307.0,15.0,3.4,5.0,32.0,No,,,,,04/16/2021,04/15/2021,Canada,ES_142648_ULAZB72A3R53I00_040720212316440_9969654,No,ULAZB72A3R53I00
2397887,FINLUX,ULAZB72B3R42D00,,8698902064484,Standard,,,,,,,,260,307.0,15.0,3.4,5.0,32.0,No,,,,,07/15/2022,06/23/2022,Canada,ES_142648_ULAZB72B3R42D00_062220221448882_7502047,No,ULAZB72B3R42D00
2397886,FINLUX,ULAZB72B3R42I00,,8698902064439,Standard,,,,,,,,260,307.0,15.0,3.4,5.0,32.0,No,,,,,07/15/2022,06/23/2022,Canada,ES_142648_ULAZB72B3R42I00_062220221448437_3931630,No,ULAZB72B3R42I00
2376152,FINLUX,ULVYA52P53W00,,8698902061285,Standard,,,,,,,,260,307.0,15.0,3.4,5.0,32.0,No,,,,,04/16/2021,04/15/2021,Canada,ES_142648_ULVYA52P53W00_040720212316790_3919336,No,ULVYA52P53W00
2397885,FINLUX,ULVYB62B3V42D00,,8698902066709,Standard,,,,,,,,260,307.0,15.0,3.4,5.0,32.0,No,,,,,07/15/2022,06/23/2022,Canada,ES_142648_ULVYB62B3V42D00_062220221448233_2501509,No,ULVYB62B3V42D00
2397888,FINLUX,ULVYB62B3V42S00,,8698902066693,Standard,,,,,,,,260,307.0,15.0,3.4,5.0,32.0,No,,,,,07/15/2022,06/23/2022,Canada,ES_142648_ULVYB62B3V42S00_062220221448775_3466141,No,ULVYB62B3V42S00
2397884,FINLUX,ULVYB62B3V42W00,,8698902066563,Standard,,,,,,,,260,307.0,15.0,3.4,5.0,32.0,No,,,,,07/15/2022,06/23/2022,Canada,ES_142648_ULVYB62B3V42W00_062220221448284_8428318,No,ULVYB62B3V42W00
2300844,Fisher & Paykel,DD24DI9,",,Integrated Dishdrawer",822843812189,Standard,,,,,,,,263,307.0,14.0,3.28,5.0,34.0,No,,,,,10/16/2017,07/25/2017,"United States, Canada",ES_31708_81218_07282017144112_2872962,No,DD24DI9
2274364,Fisher & Paykel,DD24SCHT*9,,822843810987,Compact,,,,,,,,153,,,1.96,,,No,,,,,08/04/2016,08/05/2016,"United States, Canada",ES_31708_DD24SCHT*9_08082016151737_9457147,No,DD24SCHT.9
2485657,Forno,FDWBI8067-24S,,686136980074,Standard,23.9,24.5,8.0,Yes,Stainless Steel,Heated Dry,None,240,307.0,22.0,3.2,5.0,36.0,No,,,,,04/01/2023,05/16/2023,"United States, Canada",ES_1142511_FDWBI8067-24S_051620230707272_3621724,Yes,FDWBI8067-24S
2382848,FORTE,F18DWS450PR,,810076230665,Standard,,,,,,,,234,307.0,24.0,3.1,5.0,38.0,No,,,,,08/01/2021,08/03/2021,United States,ES_1145965_F18DWS450PR_072520210546478_5437338,No,F18DWS450PR
2382849,FORTE,F24DWS450PR,,810076230672,Standard,,,,,,,,234,307.0,24.0,3.5,5.0,30.0,No,,,,,08/01/2021,08/03/2021,United States,ES_1145965_F24DWS450PR_080320211359759_5584949,No,F24DWS450PR
2378313,FORZA,FD24DI,,8054383969227,Standard,,,,,,,,249,307.0,19.0,3.5,5.0,30.0,No,,,,,06/01/2021,05/13/2021,United States,FD24DI,No,FD24DI
2348604,Frigidaire,FDSH450L***A,,012505116001,Standard,,,,,,,,270,307.0,12.0,3.5,5.0,30.0,No,,,,,12/02/2019,10/16/2019,"United States, Canada",ES_1021080_FDSH450L***A_10162019192100_3660588,No,FDSH450L...A
2453141,Frigidaire,FFBD1831UB,,012505115752,Standard,17.6,22.6,8.0,Yes,Stainless Steel,Heated Dry,None,240,307.0,22.0,3.2,5.0,36.0,No,,,,,03/01/2023,04/11/2023,"United States, Canada",ES_1021080_FFBD1831UB_041120230257234_1224583,Yes,FFBD1831UB
2453140,Frigidaire,FFBD1831US,,012505115738,Standard,17.6,22.6,8.0,Yes,Stainless Steel,Heated Dry,None,240,307.0,22.0,3.2,5.0,36.0,No,,,,,03/01/2023,04/11/2023,"United States, Canada",ES_1021080_FFBD1831US_041120230257159_6940314,Yes,FFBD1831US
2453139,Frigidaire,FFBD1831UW,,012505115745,Standard,17.6,22.6,8.0,Yes,Stainless Steel,Heated Dry,None,240,307.0,22.0,3.2,5.0,36.0,No,,,,,03/01/2023,04/11/2023,"United States, Canada",ES_1021080_FFBD1831UW_041120230257388_9664158,Yes,FFBD1831UW
2453142,Frigidaire,FFBD2420UB,,012505115721,Standard,23.5,22.6,8.0,Yes,Stainless Steel,Heated Dry,Self-Cleaning Filter,240,307.0,22.0,3.2,5.0,36.0,No,,,,,03/01/2023,04/11/2023,"United States, Canada",ES_1021080_FFBD2420UB_041120230252482_4608500,Yes,FFBD2420UB
2453143,Frigidaire,FFBD2420US,,012505115707,Standard,23.5,22.6,8.0,Yes,Stainless Steel,Heated Dry,Self-Cleaning Filter,240,307.0,22.0,3.2,5.0,36.0,No,,,,,03/01/2023,04/11/2023,"United States, Canada",ES_1021080_FFBD2420US_041120230253316_5011697,Yes,FFBD2420US
2453144,Frigidaire,FFBD2420UW,,012505115714,Standard,23.5,22.6,8.0,Yes,Stainless Steel,Heated Dry,Self-Cleaning Filter,240,307.0,22.0,3.2,5.0,36.0,No,,,,,03/01/2023,04/11/2023,"United States, Canada",ES_1021080_FFBD2420UW_041120230253683_5808583,Yes,FFBD2420UW
2346262,Frigidaire,FFID2459***A,,012505115783,Standard,,,,,,,,270,307.0,12.0,3.5,5.0,30.0,No,,,,,03/01/2019,09/12/2019,"United States, Canada",ES_1021080_FFID2459***A_09122019174750_0470651,No,FFID2459...A
2270693,Frigidaire,FGCD2444***A,, 012505114922; 012505114908; 012505114915;012505114892,Standard,,,,,,,,268,307.0,13.0,3.33,5.0,33.0,No,,,,,08/04/2016,06/24/2016,"United States, Canada",ES_1021080_FGCD2444***A_06242016175731_1051719,No,FGCD2444...A
2324762,Frigidaire,FGID2476***B,,012505115639,Standard,,,,,,,,270,307.0,12.0,3.5,5.0,30.0,No,,,,,08/12/2018,08/13/2018,"United States, Canada",ES_1021080_FGID2476***B_08222018163128_5488540,No,FGID2476...B
2314531,Frigidaire,LFCD2418***A,,012505115400,Standard,,,,,,,,270,307.0,12.0,3.5,5.0,30.0,No,,,,,07/01/2018,03/27/2018,"United States, Canada",ES_1021080_LFCD2418***A_03272018152714_4434688,No,LFCD2418...A
2346263,Frigidaire,LFID2459***A,,012505115851,Standard,,,,,,,,270,307.0,12.0,3.5,5.0,30.0,No,,,,,03/01/2019,09/12/2019,"United States, Canada",ES_1021080_LFID2459***A_09122019174821_0501755,No,LFID2459...A
2368681,GE,GBP420S*P**,,067732155682,Standard,,,,,,,,234,307.0,24.0,3.5,5.0,30.0,No,,,,,10/16/2020,10/26/2020,Canada,ES_92277_GBP420S*P**_10262020153223_6343191,No,GBP420S.P..
2368682,GE,GBP534S*P**,,067732155699; 067732155491,Standard,,,,,,,,234,307.0,24.0,3.5,5.0,30.0,No,,,,,10/16/2020,10/26/2020,Canada,ES_92277_GBP534S*P**_10262020153324_6404142,No,GBP534S.P..
2368683,GE,GBP655S*P**,,067732155538; 067732155545,Standard,,,,,,,,265,307.0,14.0,3.2,5.0,36.0,No,,,,,10/16/2020,10/26/2020,Canada,ES_92277_GBP655S*P**_10262020170925_2165546,No,GBP655S.P..
2368684,GE,GBT640S*P**,,067732155507;067732155521;067732155514,Standard,,,,,,,,265,307.0,14.0,3.5,5.0,30.0,No,,,,,10/16/2020,10/26/2020,Canada,ES_92277_GBT640S*P**_10262020171246_2366842,No,GBT640S.P..
2269820,GE,GBT76***K***,,067732152728,Standard,,,,,,,,240,307.0,22.0,3.5,5.0,30.0,No,,,,,06/03/2016,06/15/2016,Canada,ES_1123206_GBT76***K***_06162016065410_0050067,No,GBT76...K...
2257788,GE,GDF61***K***,, 67732152599;67732152582,Standard,,,,,,,,249,307.0,19.0,3.5,5.0,30.0,No,,,,,01/27/2016,02/03/2016,Canada,ES_1123206_GDF61***K***_02032016174336_1416538,No,GDF61...K...
2257789,GE,GDF63***K***,, 067732152629; 067732152605;067732152612; 067732152711,Standard,,,,,,,,249,307.0,19.0,3.5,5.0,30.0,No,,,,,01/27/2016,02/03/2016,Canada,ES_1123206_GDF63***K***_02032016174153_1313921,No,GDF63...K...
2394288,GE Adora,DBP655**T***,",,Remark: * can be A-Z, a-z, 0-9, - or blank.",818502001094,Standard,,,,,,,,265,307.0,14.0,3.2,5.0,36.0,No,,,,,04/01/2022,07/28/2022,Canada,ES_1130609_DBP655S**T***_032820222106728_2188138,No,DBP655..T...
2375937,FULGOR MILANO,F4DWS18FI1,,801980102757,Standard,,,,,,,,250,307.0,19.0,3.2,5.0,36.0,No,,,,,04/01/2021,04/08/2021,United States,ES_1136869_F4DWS18FI1_03262021081717_7975786,No,F4DWS18FI1
2375939,FULGOR MILANO,F4DWS24FI1,,801980102758,Standard,,,,,,,,260,307.0,15.0,3.4,5.0,32.0,No,,,,,04/01/2021,04/08/2021,United States,ES_1136869_F4DWS24FI1_032620210817211_5014104,No,F4DWS24FI1
2375938,FULGOR MILANO,F4DWT24DS1,,801980102760,Standard,,,,,,,,260,307.0,15.0,3.4,5.0,32.0,No,,,,,04/01/2021,04/08/2021,United States,ES_1136869_F4DWT24DS1_032620210817651_2396593,No,F4DWT24DS1
2375940,FULGOR MILANO,F4DWT24FI1,,801980102759,Standard,,,,,,,,260,307.0,15.0,3.4,5.0,32.0,No,,,,,04/01/2021,04/08/2021,United States,ES_1136869_F4DWT24FI1_032620210817368_8770399,No,F4DWT24FI1
2375941,FULGOR MILANO,F4DWT24SS1,,801980102761,Standard,,,,,,,,260,307.0,15.0,3.4,5.0,32.0,No,,,,,04/01/2021,04/08/2021,United States,ES_1136869_F4DWT24SS1_032620210817855_6842505,No,F4DWT24SS1
2372121,Gaggenau,DF210700*,,825225963660,Standard,,,,,,,,269,307.0,12.0,3.5,5.0,30.0,Yes,,,,,01/15/2020,01/18/2021,"United States, Canada",ES_31649_DF210700*_12102020081947_4839136,No,DF210700.
2358429,Galanz,GLDW09F**A5A,, 190873003700;190873003687; 190873003694,Standard,,,,,,,,255,307.0,17.0,3.4,5.0,32.0,No,,,,,03/03/2020,04/23/2020,"United States, Canada",ES_1108549_GLDW09F**A5A_04232020170701_1621539,No,GLDW09F..A5A
2358424,Galanz,GLDW09P**A5A,,190873003724,Standard,,,,,,,,255,307.0,17.0,3.4,5.0,32.0,No,,,,,03/03/2020,04/23/2020,"United States, Canada",ES_1108549_GLDW09P**A5A_04232020170933_1773540,No,GLDW09P..A5A
2358426,Galanz,GLDW12F**A5A,,"190873003632;
190873003649;
190873003656",Standard,,,,,,,,270,307.0,12.0,3.4,5.0,32.0,No,,,,,03/03/2020,04/23/2020,"United States, Canada",ES_1108549_GLDW12F**A5A_04232020162034_8834547,No,GLDW12F..A5A
2378630,Galanz,GLDW12FS2A5A,,,Standard,,,,,,,,270,307.0,12.0,3.5,5.0,30.0,No,,A - Built-in,,,04/20/2021,05/18/2021,"United States, Canada",ES_1108549_GLDW12FS2A5A_052720210200979_8044481,No,GLDW12FS2A5A
2358427,Galanz,GLDW12P**A5A,,190873003670,Standard,,,,,,,,270,307.0,12.0,3.4,5.0,32.0,No,,,,,03/03/2020,04/23/2020,"United States, Canada",ES_1108549_GLDW12P**A5A_04232020170549_1549159,No,GLDW12P..A5A
2349030,Galanz,W45A4A401B,,69433399,Standard,,,,,,,,255,307.0,17.0,3.4,5.0,32.0,No,,,,,11/30/2019,10/28/2019,"United States, Canada",ES_1108549_W45A4A401B_10282019174808_4888489,No,W45A4A401B
2349031,Galanz,W45A4A401L,,69433399,Standard,,,,,,,,255,307.0,17.0,3.4,5.0,32.0,No,,,,,11/30/2019,10/28/2019,"United States, Canada",ES_1108549_W45A4A401L_10282019174213_4533774,No,W45A4A401L
2338023,Galanz,W60C4A401L,,69433399,Standard,,,,,,,,270,307.0,12.0,3.4,5.0,32.0,No,,,,,05/30/2019,05/13/2019,"United States, Canada",ES_1108549_W60C4A401L_05132019051910_4750183,No,W60C4A401L
2338024,Galanz,W60C4A411B,,69433399,Standard,,,,,,,,270,307.0,12.0,3.4,5.0,32.0,No,,,,,05/30/2019,05/13/2019,"United States, Canada",ES_1108549_W60C4A411B_05132019052002_4802529,No,W60C4A411B
2370625,GE,GBF410**P**,,67732155750;67732155767;67732155743,Standard,,,,,,,,234,307.0,24.0,3.5,5.0,30.0,No,,,,,12/20/2020,12/07/2020,Canada,ES_92277_GBF410**P**_11292020210869_4530481,No,GBF410..P..
2295798,GE,GBF63***L***,",GBF630SGL0BB,; ,GBF630SGL0WW,; ,GBF630SML0ES,; ,GBF630SSL0SS,", 067732153190; 067732153213; 067732153183;067732153206,Standard,,,,,,,,249,307.0,19.0,3.5,5.0,30.0,No,,,,,05/01/2017,05/11/2017,Canada,ES_1123206_GBF63***L***_05122017004340_9820586,No,GBF63...L...
2370609,GE,GBF655**P**,,67732155859;67732155828;67732155811,Standard,,,,,,,,265,307.0,14.0,3.5,5.0,30.0,No,,,,,12/20/2020,12/07/2020,Canada,ES_92277_GBF655**P**_112920202123179_5858149,No,GBF655..P..
2300842,DCS by Fisher & Paykel,71326,",,Designer Dishdrawer",780405713261,Standard,,,,,,,,263,307.0,14.0,3.28,5.0,34.0,No,,,,,10/16/2017,07/25/2017,"United States, Canada",ES_31708_71326_07282017143923_2763245,No,71326
2400973,ecozy,DW-CT200A,,,Compact,,,,,,,,203,,,3.1,,,No,,,,,08/30/2022,08/31/2022,"United States, Canada",ES_1147134_DW-CT200A_083120220832882_4554773,No,DW-CT200A
2400972,ecozy,EZ-DW01WA,,850041700076,Compact,,,,,,,,203,,,3.1,,,No,,,,,08/30/2022,08/31/2022,"United States, Canada",ES_1147134_EZ-DW01WA_083120220832253_1234783,No,EZ-DW01WA
2375637,Equator,BB 82,,747037121106,Standard,,,,,,,,260,307.0,15.0,3.4,5.0,32.0,No,,,,,06/01/2021,03/31/2021,United States,ES_40188_BB 82_033020210917615_4309070,No,BB 82
2375635,Equator,SB 82,,747037121103,Standard,,,,,,,,260,307.0,15.0,3.4,5.0,32.0,No,,,,,06/01/2021,03/31/2021,United States,ES_40188_SB 82_033020210917881_3114348,No,SB 82
2375636,Equator,WB 82,,747037121109,Standard,,,,,,,,260,307.0,15.0,3.4,5.0,32.0,No,,,,,06/01/2021,03/31/2021,United States,ES_40188_WB 82_033020210917371_4901095,No,WB 82
2318544,Bosch,SHXM4A****,",SHXM4A****,1st*-Year mfg, 2nd*-Version, 3rd*-Color",825225955368;825225955375;825225955382;825225956952,Standard,,,,,,,,269,307.0,12.0,3.2,5.0,36.0,No,,,,,05/21/2018,08/11/2016,"United States, Canada",ES_31649_SHXM4A****_04112018201301_3722955,No,SHXM4A....
2366477,Bosch,SPE53B5*UC,,825225961642;825225961659;825225961666,Standard,,,,,,,,269,307.0,12.0,3.5,5.0,30.0,Yes,Wi-Fi,,,,10/23/2020,09/29/2020,"United States, Canada",ES_31649_SPE53B5*UC_09282020105624_1853867,No,SPE53B5.UC
2366476,Bosch,SPE68B5*UC,,825225961673,Standard,,,,,,,,269,307.0,12.0,3.5,5.0,30.0,Yes,Wi-Fi,,,,10/23/2020,09/29/2020,"United States, Canada",ES_31649_SPE68B5&UC_09282020105624_3108621,No,SPE68B5.UC
2366475,Bosch,SPV68B5*UC,,825225961222,Standard,,,,,,,,269,307.0,12.0,3.5,5.0,30.0,Yes,Wi-Fi,,,,10/23/2020,09/29/2020,"United States, Canada",ES_31649_SPV68B5*UC_09282020105624_5182459,No,SPV68B5.UC
2366474,Bosch,SPX68B5*UC,,825225961635,Standard,,,,,,,,269,307.0,12.0,3.5,5.0,30.0,Yes,Wi-Fi,,,,10/23/2020,09/29/2020,"United States, Canada",ES_31649_SPX68B5*UC_09282020105624_2555200,No,SPX68B5.UC
2381712,BREDA,LUDWA30150,,,Standard,,,,,,,,269,307.0,12.0,3.5,5.0,30.0,No,,,,,08/01/2021,07/07/2021,"United States, Canada",ES_1123023_LUDWA30150_07072021073435_80090923,No,LUDWA30150
2381713,BREDA,LUDWA30155,,,Standard,,,,,,,,269,307.0,12.0,3.5,5.0,30.0,No,,,,,08/01/2021,07/07/2021,"United States, Canada",ES_1123023_LUDWA30155_07072021073435_80090923,No,LUDWA30155
2381714,BREDA,LUDWT30150,,,Standard,,,,,,,,269,307.0,12.0,3.5,5.0,30.0,No,,,,,08/01/2021,07/07/2021,"United States, Canada",ES_1123023_LUDWT30150_07072021073435_80090923,No,LUDWT30150
2381715,BREDA,LUDWT30155,,,Standard,,,,,,,,269,307.0,12.0,3.5,5.0,30.0,No,,,,,08/01/2021,07/07/2021,"United States, Canada",ES_1123023_LUDWT30155_07072021073435_80090923,No,LUDWT30155
2381716,BREDA,LUDWT30250,,,Standard,,,,,,,,269,307.0,12.0,3.5,5.0,30.0,No,,,,,08/01/2021,07/07/2021,"United States, Canada",ES_1123023_LUDWT30250_07072021073435_80090923,No,LUDWT30250
2391868,CLASSIC,3719-074,,687636004468,Standard,,,,,,,,249,307.0,19.0,3.5,5.0,30.0,No,,,,,01/15/2022,01/28/2022,Canada,ES_1136068_3719-074_01262022000772_2743600,No,3719-074
2391867,CLASSIC,3719-075,,687636004475,Standard,,,,,,,,249,307.0,19.0,3.5,5.0,30.0,No,,,,,01/15/2022,01/28/2022,Canada,ES_1136068_3719-075_012620220007876_3937377,No,3719-075
2260997,Kenmore,1276*K***,,883049268903; 883049268293,Standard,,,,,,,,260,307.0,15.0,2.9,5.0,42.0,No,,,,,03/18/2013,02/29/2016,"United States, Canada",ES_15649_1276*K***_02292016173057_7057442,No,1276.K...
2260998,Kenmore,1278*K***,,883049269023; 883049269030,Standard,,,,,,,,260,307.0,15.0,2.9,5.0,42.0,No,,,,,03/18/2013,02/29/2016,"United States, Canada",ES_15649_1278*K***_02292016173351_7231716,No,1278.K...
2260999,Kenmore,1280*K***,,883049269061,Standard,,,,,,,,260,307.0,15.0,2.9,5.0,42.0,No,,,,,03/18/2013,02/29/2016,"United States, Canada",ES_15649_1280*K***_02292016173433_7273253,No,1280.K...
2261000,Kenmore,1281*K***,,883049269047,Standard,,,,,,,,260,307.0,15.0,2.9,5.0,42.0,No,,,,,09/09/2013,02/29/2016,"United States, Canada",ES_15649_1281*K***_02292016173129_7089403,No,1281.K...
2261001,Kenmore,1283*K***,,883049293400,Standard,,,,,,,,260,307.0,15.0,2.9,5.0,42.0,No,,,,,09/09/2013,02/29/2016,"United States, Canada",ES_15649_1283*K***_02292016173316_7196315,No,1283.K...
2261002,Kenmore,1325*K***,, 883049236117;883049236100; 883049236124,Standard,,,,,,,,253,307.0,18.0,2.9,5.0,42.0,No,,,,,07/08/2011,02/29/2016,"United States, Canada",ES_15649_1325*K***_02292016175440_8480154,No,1325.K...
2354742,Kenmore,1335*N***,,883049586304,Standard,,,,,,,,270,307.0,12.0,3.5,5.0,30.0,No,,,,,03/23/2020,02/13/2020,"United States, Canada",ES_15649_1335*N***_02132020204103_6463675,No,1335.N...
2341602,Kenmore,1338*,,,Standard,,,,,,,,258,307.0,16.0,2.9,5.0,42.0,No,,,,,08/01/2019,07/25/2019,"United States, Canada",ES_1118034_1338*_07252019112507_80012189,No,1338.
2256556,Kenmore,1340*N***,, 883049339610; 883049339603;883049339290,Standard,,,,,,,,270,307.0,12.0,2.95,5.0,41.0,No,,,,,06/16/2014,01/12/2016,"United States, Canada",ES_15649_1340*N***_01122016190510_5510682,No,1340.N...
2256558,Kenmore,1369*N***,, 883049339665;883049339658; 883049339672,Standard,,,,,,,,270,307.0,12.0,2.95,5.0,41.0,No,,,,,06/16/2014,01/12/2016,"United States, Canada",ES_15649_1369*N***_01122016190442_5482828,No,1369.N...
2369446,Kenmore,1414*N***,, 883049593432;883049593418; 883049593425,Standard,,,,,,,,270,307.0,12.0,3.5,5.0,30.0,No,,,,,10/26/2020,10/05/2020,"United States, Canada",ES_15649_1414*N***_11112020222121_3281217,No,1414.N...
2369447,Kenmore,1416*L***,,883049594842; 883049594866; 883049594859,Standard,,,,,,,,270,307.0,12.0,3.5,5.0,30.0,No,,,,,10/26/2020,10/05/2020,"United States, Canada",ES_15649_1416*L***_11112020222628_3588750,No,1416.L...
2369448,Kenmore,1417*N***,,883049593449; 883049593463; 883049593456,Standard,,,,,,,,270,307.0,12.0,3.5,5.0,30.0,No,,,,,10/26/2020,10/05/2020,"United States, Canada",ES_15649_1417*N***_11112020223906_4346101,No,1417.N...
2369449,Kenmore,1418*N***,,883049593470,Standard,,,,,,,,270,307.0,12.0,3.5,5.0,30.0,No,,,,,10/26/2020,10/05/2020,"United States, Canada",ES_15649_1418*N***_11112020224701_4821933,No,1418.N...
2341601,Kenmore,1430*,,,Standard,,,,,,,,258,307.0,16.0,2.9,5.0,42.0,No,,,,,08/01/2019,07/25/2019,"United States, Canada",ES_1118034_1430*_07252019112507_80012189,No,1430.
2341600,Kenmore,1435*,,,Standard,,,,,,,,258,307.0,16.0,2.9,5.0,42.0,No,,,,,08/01/2019,07/25/2019,"United States, Canada",ES_1118034_1435*_07252019112507_80012189,No,1435.
2354745,Kenmore,1450*N***,,883049583129;883049583143;883049583136;883049583150,Standard,,,,,,,,270,307.0,12.0,3.5,5.0,30.0,No,,,,,03/23/2020,02/13/2020,"United States, Canada",ES_15649_1450*N***_02132020203935_6375673,No,1450.N...
2305126,Kenmore,1467#,,,Standard,,,,,,,,258,307.0,16.0,2.9,5.0,42.0,No,,,,,11/15/2017,10/16/2017,"United States, Canada",ES_1118034_1467#_10172017115726_70159098,No,1467.
2279693,Kenmore,1469#,,,Standard,,,,,,,,258,307.0,16.0,2.8,5.0,44.0,No,,,,,09/12/2016,09/20/2016,"United States, Canada",ES_0015649_1469#_09192016015629_6666666_,No,1469.
2256564,Kenmore,1482*N***,,883049375144,Standard,,,,,,,,270,307.0,12.0,3.5,5.0,30.0,No,,,,,07/13/2015,01/12/2016,"United States, Canada",ES_15649_1482*N***_01122016193405_7245145,No,1482.N...
2256565,Kenmore,1483*N***,,883049375137,Standard,,,,,,,,270,307.0,12.0,3.5,5.0,30.0,No,,,,,07/13/2015,01/12/2016,"United States, Canada",ES_15649_1483*N***_01122016193438_7278278,No,1483.N...
2369450,Kenmore,1484*N***,,883049593487,Standard,,,,,,,,270,307.0,12.0,3.5,5.0,30.0,No,,,,,10/26/2020,10/05/2020,"United States, Canada",ES_15649_1484*N***_11112020225158_5118602,No,1484.N...
2369451,Kenmore,1486*N***,, 883049593548; 883049593531;883049593524,Standard,,,,,,,,270,307.0,12.0,3.5,5.0,30.0,No,,,,,10/26/2020,10/05/2020,"United States, Canada",ES_15649_1486*N***_11112020225538_5338710,No,1486.N...
2369452,Kenmore,1487*N***,,883049593494,Standard,,,,,,,,270,307.0,12.0,3.5,5.0,30.0,No,,,,,10/26/2020,10/05/2020,"United States, Canada",ES_15649_1487*N***_11112020230000_5600471,No,1487.N...
2369453,Kenmore,1489*N***,,883049593500,Standard,,,,,,,,270,307.0,12.0,3.5,5.0,30.0,No,,,,,10/26/2020,10/05/2020,"United States, Canada",ES_15649_1489*N***_11112020230324_5804288,No,1489.N...
2256081,Kenmore,1546****C,, 112505114151;012505114144,Standard,,,,,,,,261,307.0,15.0,3.31,5.0,34.0,No,,,,,01/29/2016,01/05/2016,United States,ES_15649_1546****C_01052016210337_7817197,No,1546....C
2257275,Kenmore,1547****B,, 012505114175;012505114168,Standard,,,,,,,,261,307.0,15.0,3.31,5.0,34.0,No,,,,,05/25/2015,01/26/2016,United States,ES_15649_1547****B_01262016180504_1504797,No,1547....B
2257276,Kenmore,1549****A,,12505114458,Standard,,,,,,,,268,307.0,13.0,3.33,5.0,33.0,No,,,,,09/15/2014,01/26/2016,United States,ES_15649_1549****A_01262016180859_1739659,No,1549....A
2254111,Kenmore,587.1522****B,,012505113543,Standard,,,,,,,,230,307.0,25.0,3.03,5.0,39.0,No,,,,,01/29/2016,11/20/2015,United States,ES_15649_587.1522****B_12022015163131_3891845,No,587.1522....B
2254088,Kenmore,587.1527****B,,012505113574,Standard,,,,,,,,239,307.0,22.0,3.07,5.0,39.0,No,,,,,01/29/2016,11/20/2015,United States,ES_15649_587.1527****B_11202015215447_6487227,No,587.1527....B
2274732,Kenmore,630.1263****,",630.1263****,first ""*"" is for the color, 2nd ""*"" is the year, and the last two are the engineering revision.",825225925309,Standard,,,,,,,,269,307.0,12.0,3.2,5.0,36.0,No,,,,,08/15/2016,08/11/2016,"United States, Canada",ES_31649_630.1263****_08052016142344_5874421,No,630.1263....
2274731,Kenmore,630.1263201,,825225925309,Standard,,,,,,,,269,307.0,12.0,3.2,5.0,36.0,No,,,,,08/15/2016,08/11/2016,"United States, Canada",ES_31649_630.12632010_08052016142344_2546960,No,630.1263201
2274733,Kenmore,630.1264****,",630.1264****,first ""*"" is for the color, 2nd ""*"" is the year, and the last two are the engineering revision.",825225925309,Standard,,,,,,,,269,307.0,12.0,3.2,5.0,36.0,No,,,,,08/15/2016,08/11/2016,"United States, Canada",ES_31649_630.1264****_08052016142344_3363306,No,630.1264....
2254112,Kenmore,970D1532****B,,012505114113,Standard,,,,,,,,266,307.0,13.0,3.03,5.0,39.0,No,,,,,01/29/2016,11/20/2015,United States,ES_15649_970D1532****B_12022015163232_3952188,No,970D1532....B
2276118,Kenmore,970D1567***A,, 012505115226;012505115219; 012505115233,Standard,,,,,,,,263,307.0,14.0,3.33,5.0,33.0,No,,,,,08/04/2016,08/19/2016,"United States, Canada",ES_15649_970D1567***A_08192016120519_8319841,No,970D1567...A
2485656,KUCHT Professional,KD240PR,,655471436522,Standard,23.9,24.5,8.0,Yes,Stainless Steel,Heated Dry,None,240,307.0,22.0,3.2,5.0,36.0,No,,,,,04/01/2023,05/16/2023,"United States, Canada",ES_1141391_KD240PR_051620230639907_2006779,Yes,KD240PR
2256752,KitchenAid,KDFE304D***,,883049292731; 883049292762; 883049292748; 883049292755,Standard,,,,,,,,260,307.0,15.0,2.94,5.0,41.0,No,,,,,12/23/2013,01/15/2016,"United States, Canada",ES_22856_KDFE304D***_01152016164647_6407630,No,KDFE304D...
2256747,KitchenAid,KDHE404D***,, 883049292793;883049292779; 883049292786,Standard,,,,,,,,270,307.0,12.0,2.94,5.0,41.0,No,,,,,01/20/2014,01/15/2016,"United States, Canada",ES_22856_KDHE404D***_01142016232514_3914430,No,KDHE404D...
2256749,KitchenAid,KDHE704D***,, 883049292533;883049292540; 883049292809,Standard,,,,,,,,260,307.0,15.0,2.92,5.0,42.0,No,,,,,01/20/2014,01/15/2016,"United States, Canada",ES_22856_KDHE704D***_01142016233623_4583908,No,KDHE704D...
2308369,KitchenAid,KDPE244G***,,883049458205,Standard,,,,,,,,270,307.0,12.0,3.5,5.0,30.0,No,,,,,03/01/2018,12/26/2017,"United States, Canada",ES_22856_KDPE244G***_12262017174207_0127970,No,KDPE244G...
2256753,KitchenAid,KDTE204D***,, 883049292519;883049292403; 883049292502,Standard,,,,,,,,260,307.0,15.0,2.94,5.0,41.0,No,,,,,12/23/2013,01/15/2016,"United States, Canada",ES_1105798_WHIRLPOOL CORP (264046) | KDTE204D***_11052013205104_4664159,No,KDTE204D...
2256756,KitchenAid,KDTE204D***,, 883049292519;883049292403; 883049292502,Standard,,,,,,,,260,307.0,15.0,2.94,5.0,41.0,No,,,,,12/23/2013,01/15/2016,"United States, Canada",ES_22856_KDTE204D***_01152016165632_6992797,No,KDTE204D...
2308370,KitchenAid,KDTE244G***,,883049458199,Standard,,,,,,,,270,307.0,12.0,3.5,5.0,30.0,No,,,,,03/01/2018,12/26/2017,"United States, Canada",ES_22856_KDTE244G***_12262017174237_0157935,No,KDTE244G...
2256754,KitchenAid,KDTE304D***,,883049292847; 883049292854; 883049292878; 883049292861,Standard,,,,,,,,260,307.0,15.0,2.94,5.0,41.0,No,,,,,12/23/2013,01/15/2016,"United States, Canada",ES_22856_KDTE304D***_01152016164809_6489839,No,KDTE304D...
2256755,KitchenAid,KDTE334D***,,883049326702; 883049324883; 883049326290,Standard,,,,,,,,260,307.0,15.0,2.94,5.0,41.0,No,,,,,12/23/2013,01/15/2016,"United States, Canada",ES_22856_KDTE334D***_01152016165119_6679708,No,KDTE334D...
2256748,KitchenAid,KDTE404D***,, 883049292892; 883049292908; 883049292526;883049292885,Standard,,,,,,,,270,307.0,12.0,2.94,5.0,41.0,No,,,,,01/20/2014,01/15/2016,"United States, Canada",ES_22856_KDTE404D***_01142016232444_3884538,No,KDTE404D...
2256750,KitchenAid,KDTE504D***,,883049292915,Standard,,,,,,,,260,307.0,15.0,2.92,5.0,42.0,No,,,,,01/20/2014,01/15/2016,"United States, Canada",ES_22856_KDTE504D***_01142016233753_4673046,No,KDTE504D...
2346965,GE Adora,DBT65***N***,,67732155286,Standard,,,,,,,,240,307.0,22.0,3.5,5.0,30.0,No,,,,,06/15/2019,06/12/2019,Canada,ES_0092277_DBT65***N***_09172019062255_80006877,No,DBT65...N...
2324029,GE Appliances,GBF18***M***,,067732153923,Standard,,,,,,,,270,307.0,12.0,3.5,5.0,30.0,No,,,,,08/01/2018,07/30/2018,Canada,ES_1123206_GBF18***M***_08072018040903_70191484,No,GBF18...M...
2324034,GE Appliances,GBT41***M***,,067732153930,Standard,,,,,,,,270,307.0,12.0,3.5,5.0,30.0,No,,,,,08/01/2018,07/30/2018,Canada,ES_1123206_GBT41***M***_08072018040903_70191484,No,GBT41...M...
2324033,GE Appliances,GBT63***M***,,067732154012,Standard,,,,,,,,270,307.0,12.0,3.5,5.0,30.0,No,,,,,08/01/2018,07/30/2018,Canada,ES_1123206_GBT63***M***_08072018040903_70191484,No,GBT63...M...
2368686,GE Profile,PBT865S*P**,,067732155729; 067732155736,Standard,,,,,,,,265,307.0,14.0,3.5,5.0,30.0,No,,,,,10/16/2020,10/26/2020,Canada,ES_92277_PBT865S*P**_10262020172558_3158325,No,PBT865S.P..
2370533,Haier,QDP225SSPSS,,067732156122,Standard,,,,,,,,270,307.0,12.0,3.5,5.0,30.0,No,,,,,11/30/2020,11/30/2020,Canada,ES_92277_QDP225SSPSS_112520200844708_8625331,No,QDP225SSPSS
2361736,Hisense,HUI6220XCUS,,,Standard,,,,,,,,269,307.0,12.0,3.5,5.0,30.0,No,,,,,07/01/2020,06/16/2020,"United States, Canada",ES_1123023_HUI6220XCUS_06162020030056_80046812,No,HUI6220XCUS
2361737,Hisense,HUI6230XCUS,,,Standard,,,,,,,,269,307.0,12.0,3.5,5.0,30.0,No,,,,,07/01/2020,06/16/2020,"United States, Canada",ES_1123023_HUI6230XCUS_06162020030056_80046812,No,HUI6230XCUS
2365483,hOme,HME030286N,,810049720179,Standard,,,,,,,,255,307.0,17.0,3.4,5.0,32.0,No,,,,,08/21/2020,09/04/2020,"United States, Canada",ES_1139044_HME030286N_09042020032552_9952415,No,HME030286N
2389864,Honeywell,HCTDS1W,,811691026718,Compact,,,,,,,,203,,,3.1,,,No,,,,,12/20/2021,08/20/2021,"United States, Canada",ES_1132323_HCTDS1W_12292021030804_80111792,No,HCTDS1W
2297460,Insignia,NS-DWH2SS8,",NS-DWH1SS9,; ,NS-DWH1WH9,; ,NS-DWH2BS8,; ,NS-DWR2BS8,; ,NS-DWR2SS8,; ,NS-DWR2WH8,",600603214158; 600603214172; 600603214578; 600603214165; 600603231155; 600603214561; 600603231148,Standard,,,,,,,,249,307.0,19.0,3.5,5.0,30.0,No,,,,,06/12/2017,06/12/2017,"United States, Canada",ES_1059185_NS-DWH2SS8_06132017084037_3237364,No,NS-DWH2SS8
2390426,Insignia,NS-DWRF2XXXXX,,600603275272,Standard,,,,,,,,249,307.0,19.0,3.5,5.0,30.0,No,,,,,01/15/2022,12/20/2021,"United States, Canada",ES_1059185_NS-DWRF2XXXXX_010520221937116_7570305,No,NS-DWRF2XXXXX
2262552,Inter-IKEA Systems B.V.,IDF320PAF**,,883049398945,Standard,,,,,,,,270,307.0,12.0,3.5,5.0,30.0,No,,,,,04/04/2016,03/17/2016,"United States, Canada",ES_1092750_IDF320PAF**_03172016215046_1446883,No,IDF320PAF..
2256582,Inter-IKEA Systems B.V.,IUD8010D**,,883049347905,Standard,,,,,,,,260,307.0,15.0,2.95,5.0,41.0,No,,,,,08/18/2014,01/12/2016,"United States, Canada",ES_1092750_IUD8010D**_01132016001038_3838299,No,IUD8010D..
2256584,Inter-IKEA Systems B.V.,IUD8555D**,,883049347912,Standard,,,,,,,,260,307.0,15.0,1.95,5.0,61.0,No,,,,,09/22/2014,01/12/2016,"United States, Canada",ES_1092750_IUD8555D**_01132016004307_5787981,No,IUD8555D..
2508302,Midea,MDF24P2B**,",,* could be A-Z, a-z, 0-9, - or blank",840296506813,Standard,23.6,22.7,8.0,Yes,Hybrid (Plastic & Steel),Heated Dry,Top Controls,240,307.0,22.0,3.2,5.0,36.0,No,,,,,05/18/2023,06/14/2023,"United States, Canada",ES_1030337_MDF24P2B**_061420230222783_2100811,Yes,MDF24P2B..
2362570,Midea,MDT24H3A***,",,* could be from 0 to 9 or from A to Z or blank.",687636002204,Standard,,,,,,,,260,307.0,15.0,3.5,5.0,30.0,No,,,,,05/01/2022,07/09/2020,Canada,ES_1030337_MDT24H3A***_07092020111210_3130841,No,MDT24H3A...
2508268,Midea,MDT24H3A***,",,Remark: * could be A-Z, a-z, 0-9, - or blank.",687636002204;817986026784,Standard,23.9,24.5,14.0,Yes,Stainless Steel,Heated Dry,None,240,307.0,22.0,3.2,5.0,36.0,No,,,,,05/18/2023,06/13/2023,"United States, Canada",ES_1030337_MDT24H3A***_061320230227101_7220054,Yes,MDT24H3A...
2255012,Miele,G 4227 SCU,,4002515546161;4002515689004;4002515688991;4002515688977;4002515546178;4002515546185,Standard,,,,,,,,270,307.0,12.0,3.5,5.0,30.0,No,,,,,03/01/2015,12/10/2015,"United States, Canada",ES_0031629_G 4227 SCU_12162015020838_70057049,No,G 4227 SCU
2255011,Miele,G 4227 U,,4002515547038;4002515546147;4002515546154;4002515546130;4002515547052;4002515547045,Standard,,,,,,,,270,307.0,12.0,3.5,5.0,30.0,No,,,,,03/01/2015,12/10/2015,"United States, Canada",ES_0031629_G 4227 U_12162015020838_70057049,No,G 4227 U
2278988,Miele,G 4228 SCU,,4002515722879;4002515722855;4002515723005;4002515722862;4002515723012;4002515722992,Standard,,,,,,,,230,307.0,25.0,3.5,5.0,30.0,No,,,,,03/20/2017,09/07/2016,"United States, Canada",ES_0031629_G 4228 SCU_09122016020545_70097737,No,G 4228 SCU
2278989,Miele,G 4228 U,,4002515722824;4002515722930;4002515722985;4002515722848;4002515722978;4002515722831,Standard,,,,,,,,230,307.0,25.0,3.5,5.0,30.0,No,,,,,03/20/2017,09/07/2016,"United States, Canada",ES_0031629_G 4228 U_09122016020545_70097737,No,G 4228 U
2255013,Miele,G 4700 SCi,,4002515546239,Standard,,,,,,,,270,307.0,12.0,3.0,5.0,40.0,No,,,,,03/01/2015,12/10/2015,United States,ES_0031629_G 4700 SCi_12162015020838_70057049,No,G 4700 SCi
2278990,Miele,G 4720 SCi,,4002515723197;4002515716915,Standard,,,,,,,,210,307.0,32.0,3.2,5.0,36.0,No,,,,,03/20/2017,09/07/2016,"United States, Canada",ES_0031629_G 4720 SCi_09122016020545_70097737,Yes,G 4720 SCi
2255014,Miele,G 4760 SCVi,,4002515546376;4002515546246,Standard,,,,,,,,270,307.0,12.0,3.0,5.0,40.0,No,,,,,03/01/2015,12/10/2015,"United States, Canada",ES_0031629_G 4760 SCVi_12162015020838_70057049,No,G 4760 SCVi
2278991,Miele,G 4780 SCVi,,4002515723203;4002515716939,Standard,,,,,,,,210,307.0,32.0,3.2,5.0,36.0,No,,,,,03/20/2017,09/07/2016,"United States, Canada",ES_0031629_G 4780 SCVi_09122016020545_70097737,Yes,G 4780 SCVi
2255016,Miele,G 4925 SCU,,4002515546321;4002515547083;4002515547069;4002515547076;4002515546345;4002515546338,Standard,,,,,,,,270,307.0,12.0,3.2,5.0,36.0,No,,,,,03/01/2015,12/10/2015,"United States, Canada",ES_0031629_G 4925 SCU_12162015020838_70057049,No,G 4925 SCU
2255015,Miele,G 4925 U,,4002515546208;4002515547106;4002515547090;4002515546192;4002515547212;4002515546314,Standard,,,,,,,,270,307.0,12.0,3.2,5.0,36.0,No,,,,,03/01/2015,12/10/2015,"United States, Canada",ES_0031629_G 4925 U_12162015020838_70057049,No,G 4925 U
2278992,Miele,G 4926 SCU,,4002515723111;4002515723128;4002515723135;4002515722466;4002515722473;4002515722459,Standard,,,,,,,,230,307.0,25.0,3.2,5.0,36.0,No,,,,,03/20/2017,09/07/2016,"United States, Canada",ES_0031629_G 4926 SCU_09122016020545_70097737,Yes,G 4926 SCU
2278993,Miele,G 4926 U,,4002515722442;4002515722886;4002515722893;4002515723036;4002515723043;4002515723029,Standard,,,,,,,,230,307.0,25.0,3.2,5.0,36.0,No,,,,,03/20/2017,09/07/2016,"United States, Canada",ES_0031629_G 4926 U_09122016020545_70097737,Yes,G 4926 U
2384341,Miele,G 5058 SCVi SFP,,4002516523628,Standard,,,,,,,,230,307.0,25.0,3.2,5.0,36.0,No,,,,,02/01/2022,09/15/2021,United States,ES_0031629_G 5058 SCVi SFP_09162021102247_80097444,Yes,G 5058 SCVi SFP
2508396,Miele,G 5058 SCVi SFP,,4002516523628,Standard,23.6,21.8,16.0,Yes,Stainless Steel,Condensation Dry,"Top Controls,Cycle Status Lights,Third Rack",230,307.0,25.0,3.2,5.0,36.0,No,,,,,10/09/2022,06/15/2023,United States,ES_0031629_G 5058 SCVi SFP_06152023121128_80173476,Yes,G 5058 SCVi SFP
2384339,Miele,G 5268 SCVi SF,,4002516523635,Standard,,,,,,,,230,307.0,25.0,3.2,5.0,36.0,No,,,,,02/01/2022,09/15/2021,United States,ES_0031629_G 5268 SCVi SF_09162021102247_80097444,Yes,G 5268 SCVi SF
2508388,Miele,G 5268 SCVi SF,,4002516523635,Standard,23.6,21.8,16.0,Yes,Stainless Steel,"Automatic Door Release,Condensation Dry,Fan-Assisted Dry","Top Controls,Cycle Status Lights,Third Rack",230,307.0,25.0,3.2,5.0,36.0,No,,,,,01/01/2022,06/15/2023,United States,ES_0031629_G 5268 SCVi SF_06152023121128_80173476,Yes,G 5268 SCVi SF
2255023,Miele,G 6105 SCU,,4002515546260;4002515546390,Standard,,,,,,,,270,307.0,12.0,3.2,5.0,36.0,No,,,,,03/01/2015,12/10/2015,"United States, Canada",ES_0031629_G 6105 SCU_12162015020838_70057049,No,G 6105 SCU
2255022,Miele,G 6105 U,,4002515546253;4002515546383,Standard,,,,,,,,270,307.0,12.0,3.2,5.0,36.0,No,,,,,03/01/2015,12/10/2015,"United States, Canada",ES_0031629_G 6105 U_12162015020838_70057049,No,G 6105 U
2255024,Miele,G 6165 SCVi,,4002515546277;4002515546406,Standard,,,,,,,,270,307.0,12.0,3.2,5.0,36.0,No,,,,,03/01/2015,12/10/2015,"United States, Canada",ES_0031629_G 6165 SCVi_12162015020838_70057049,No,G 6165 SCVi
2255025,Miele,G 6165 SCVi SF,,4002515546291,Standard,,,,,,,,270,307.0,12.0,3.2,5.0,36.0,No,,,,,03/01/2015,12/10/2015,United States,ES_0031629_G 6165 SCVi SF_12162015020838_70057049,No,G 6165 SCVi SF
2255027,Miele,G 6305 SCU,,4002515546840;4002515546437;4002515546413;4002515546420,Standard,,,,,,,,260,307.0,15.0,3.2,5.0,36.0,No,,,,,03/01/2015,12/10/2015,"United States, Canada",ES_0031629_G 6305 SCU_12162015020838_70057049,No,G 6305 SCU
2255026,Miele,G 6305 U,,4002515546833;4002515546819;4002515546826,Standard,,,,,,,,260,307.0,15.0,3.2,5.0,36.0,No,,,,,03/01/2015,12/10/2015,Canada,ES_0031629_G 6305 U_12162015020838_70057049,No,G 6305 U
2255028,Miele,G 6365 SCVi,,4002515546857;4002515546444,Standard,,,,,,,,260,307.0,15.0,3.2,5.0,36.0,No,,,,,03/01/2015,12/10/2015,"United States, Canada",ES_0031629_G 6365 SCVi_12162015020838_70057049,No,G 6365 SCVi
2255029,Miele,G 6365 SCVi SF,,4002515546451,Standard,,,,,,,,260,307.0,15.0,3.2,5.0,36.0,No,,,,,03/01/2015,12/10/2015,United States,ES_0031629_G 6365 SCVi SF_12162015020838_70057049,No,G 6365 SCVi SF
2255030,Miele,G 6505 SCi,,4002515546864;4002515546468,Standard,,,,,,,,260,307.0,15.0,3.2,5.0,36.0,No,,,,,03/01/2015,12/10/2015,"United States, Canada",ES_0031629_G 6505 SCi_12162015020838_70057049,No,G 6505 SCi
2255031,Miele,G 6560 SCVi,,4002515546475,Standard,,,,,,,,260,307.0,15.0,3.2,5.0,36.0,No,,,,,03/01/2015,12/10/2015,United States,ES_0031629_G 6560 SCVi_12162015020838_70057049,No,G 6560 SCVi
2255032,Miele,G 6565 SCVi,,4002515546871;4002515546482,Standard,,,,,,,,260,307.0,15.0,3.2,5.0,36.0,No,,,,,03/01/2015,12/10/2015,"United States, Canada",ES_0031629_G 6565 SCVi_12162015020838_70057049,No,G 6565 SCVi
2255033,Miele,G 6565 SCVi SF,,4002515546505,Standard,,,,,,,,260,307.0,15.0,3.2,5.0,36.0,No,,,,,03/01/2015,12/10/2015,United States,ES_0031629_G 6565 SCVi SF_12162015020838_70057049,No,G 6565 SCVi SF
2255034,Miele,G 6595 SCVi,,4002515546512,Standard,,,,,,,,260,307.0,15.0,3.2,5.0,36.0,No,,,,,03/01/2015,12/10/2015,United States,ES_0031629_G 6595 SCVi_12162015020838_70057049,No,G 6595 SCVi
2279000,Miele,G 6625 SCU,,4002515723227;4002515716953,Standard,,,,,,,,220,307.0,28.0,3.2,5.0,36.0,No,,,,,03/20/2017,09/07/2016,"United States, Canada",ES_0031629_G 6625 SCU_09122016020545_70097737,Yes,G 6625 SCU
2278999,Miele,G 6625 U,,4002515723210;4002515716946,Standard,,,,,,,,220,307.0,28.0,3.2,5.0,36.0,No,,,,,03/20/2017,09/07/2016,"United States, Canada",ES_0031629_G 6625 U_09122016020545_70097737,Yes,G 6625 U
2279001,Miele,G 6665 SCVi,,4002515716960;4002515723234,Standard,,,,,,,,220,307.0,28.0,3.2,5.0,36.0,No,,,,,03/20/2017,09/07/2016,"United States, Canada",ES_0031629_G 6665 SCVi_09122016020545_70097737,Yes,G 6665 SCVi
2279002,Miele,G 6665 SCVi SF,,4002515716977,Standard,,,,,,,,220,307.0,28.0,3.2,5.0,36.0,No,,,,,03/20/2017,09/07/2016,United States,ES_0031629_G 6665 SCVi SF_09122016020545_70097737,Yes,G 6665 SCVi SF
2279003,Miele,G 6745 SCU,,4002515723241;4002515716984;4002515716991;4002515717004,Standard,,,,,,,,220,307.0,28.0,3.2,5.0,36.0,No,,,,,03/20/2017,09/07/2016,"United States, Canada",ES_0031629_G 6745 SCU_09122016020545_70097737,Yes,G 6745 SCU
2279004,Miele,G 6785 SCVi,,4002515717011;4002515723258,Standard,,,,,,,,220,307.0,28.0,3.2,5.0,36.0,No,,,,,03/20/2017,09/07/2016,"United States, Canada",ES_0031629_G 6785 SCVi_09122016020545_70097737,Yes,G 6785 SCVi
2279005,Miele,G 6785 SCVi SF,,4002515717028,Standard,,,,,,,,220,307.0,28.0,3.2,5.0,36.0,No,,,,,03/20/2017,09/07/2016,United States,ES_0031629_G 6785 SCVi SF_09122016020545_70097737,Yes,G 6785 SCVi SF
2279006,Miele,G 6835 SCi,,4002515723265;4002515717035,Standard,,,,,,,,199,307.0,35.0,3.2,5.0,36.0,No,,,,,03/20/2017,09/07/2016,"United States, Canada",ES_0031629_G 6835 SCi_09122016020545_70097737,Yes,G 6835 SCi
2279007,Miele,G 6875 SCVi,,4002515717042;4002515723272,Standard,,,,,,,,199,307.0,35.0,3.2,5.0,36.0,No,,,,,03/20/2017,09/07/2016,"United States, Canada",ES_0031629_G 6875 SCVi_09122016020545_70097737,Yes,G 6875 SCVi
2279008,Miele,G 6875 SCVi SF,,4002515717059,Standard,,,,,,,,199,307.0,35.0,3.2,5.0,36.0,No,,,,,03/20/2017,09/07/2016,United States,ES_0031629_G 6875 SCVi SF_09122016020545_70097737,Yes,G 6875 SCVi SF
2279009,Miele,G 6880 SCVi,,4002515717097,Standard,,,,,,,,199,307.0,35.0,3.2,5.0,36.0,No,,,,,03/20/2017,09/07/2016,United States,ES_0031629_G 6880 SCVi_09122016020545_70097737,Yes,G 6880 SCVi
2279010,Miele,G 6885 SCVi,,4002515717066,Standard,,,,,,,,199,307.0,35.0,3.2,5.0,36.0,No,,,,,03/20/2017,09/07/2016,United States,ES_0031629_G 6885 SCVi_09122016020545_70097737,Yes,G 6885 SCVi
2255035,Miele,G 6915 SCi,,4002515546529;4002515546888,Standard,,,,,,,,260,307.0,15.0,3.2,5.0,36.0,No,,,,,03/01/2015,12/10/2015,"United States, Canada",ES_0031629_G 6915 SCi_12162015020838_70057049,No,G 6915 SCi
2279011,Miele,G 6935 SCi,,4002515723289;4002515717073,Standard,,,,,,,,199,307.0,35.0,3.2,5.0,36.0,No,,,,,03/20/2017,09/07/2016,"United States, Canada",ES_0031629_G 6935 SCi_09122016020545_70097737,Yes,G 6935 SCi
2255036,Miele,G 6985 SCVi,,4002515546895;4002515546536,Standard,,,,,,,,260,307.0,15.0,3.2,5.0,36.0,No,,,,,03/01/2015,12/10/2015,"United States, Canada",ES_0031629_G 6985 SCVi_12162015020838_70057049,No,G 6985 SCVi
2255037,Miele,G 6985 SCVi SF,,4002515546543,Standard,,,,,,,,260,307.0,15.0,3.2,5.0,36.0,No,,,,,03/01/2015,12/10/2015,United States,ES_0031629_G 6985 SCVi SF_12162015020838_70057049,No,G 6985 SCVi SF
2279012,Miele,G 6987 SCVi,,4002515723296;4002515717080,Standard,,,,,,,,199,307.0,35.0,3.2,5.0,36.0,No,,,,,03/20/2017,09/07/2016,"United States, Canada",ES_0031629_G 6987 SCVi_09122016020545_70097737,Yes,G 6987 SCVi
2384336,Miele,G 7166 SCVi,,4002516514282,Standard,,,,,,,,230,307.0,25.0,3.2,5.0,36.0,No,,,,,01/01/2022,09/15/2021,United States,ES_0031629_G 7166 SCVi_09162021102247_80097444,Yes,G 7166 SCVi
2508385,Miele,G 7166 SCVi,,4002516514282,Standard,23.6,21.8,16.0,Yes,Stainless Steel,"Automatic Door Release,Condensation Dry,Fan-Assisted Dry","Top Controls,Cycle Status Lights,Third Rack",230,307.0,25.0,3.2,5.0,36.0,No,,,,,01/01/2022,06/15/2023,United States,ES_0031629_G 7166 SCVi_06152023121128_80173476,Yes,G 7166 SCVi
2384337,Miele,G 7166 SCVi SFP,,4002516514350,Standard,,,,,,,,230,307.0,25.0,3.2,5.0,36.0,No,,,,,01/01/2022,09/15/2021,United States,ES_0031629_G 7166 SCVi SFP_09162021102247_80097444,Yes,G 7166 SCVi SFP
2508386,Miele,G 7166 SCVi SFP,,4002516514350,Standard,23.6,21.8,16.0,Yes,Stainless Steel,"Automatic Door Release,Condensation Dry,Fan-Assisted Dry","Top Controls,Cycle Status Lights,Third Rack",230,307.0,25.0,3.2,5.0,36.0,No,,,,,01/01/2022,06/15/2023,United States,ES_0031629_G 7166 SCVi SFP_06152023121128_80173476,Yes,G 7166 SCVi SFP
2384338,Miele,G 7176 SCVi SF,,4002516548485,Standard,,,,,,,,230,307.0,25.0,3.2,5.0,36.0,No,,,,,01/01/2022,09/15/2021,United States,ES_0031629_G 7176 SCVi SF_09162021102247_80097444,Yes,G 7176 SCVi SF
2508387,Miele,G 7176 SCVi SF,,4002516548485,Standard,23.6,21.8,16.0,Yes,Stainless Steel,"Automatic Door Release,Condensation Dry,Fan-Assisted Dry","Top Controls,Cycle Status Lights,Third Rack",230,307.0,25.0,3.2,5.0,36.0,No,,,,,01/01/2022,06/15/2023,United States,ES_0031629_G 7176 SCVi SF_06152023121128_80173476,Yes,G 7176 SCVi SF
2391864,OMNImax,3719-074,,822733379587,Standard,,,,,,,,249,307.0,19.0,3.5,5.0,30.0,No,,,,,01/15/2022,01/28/2022,Canada,ES_1136068_3719-074_012620220206360_6539994,No,3719-074
2470960,OMNImax,3719-074,,822733379587,Standard,23.9,24.5,8.0,Yes,Stainless Steel,Heated Dry,None,240,307.0,22.0,3.2,5.0,36.0,No,,,,,04/10/2023,05/02/2023,Canada,ES_1136068_3719-074_050220230022303_7599003,Yes,3719-074
2391863,OMNImax,3719-075,,822733379594,Standard,,,,,,,,249,307.0,19.0,3.5,5.0,30.0,No,,,,,01/15/2022,01/28/2022,Canada,ES_1136068_3719-075_012620220206626_1211600,No,3719-075
2470961,OMNImax,3719-075,,822733379594,Standard,23.9,24.5,8.0,Yes,Stainless Steel,Heated Dry,None,240,307.0,22.0,3.2,5.0,36.0,No,,,,,04/10/2023,05/02/2023,Canada,ES_1136068_3719-075_050220230023114_7817138,Yes,3719-075
2320409,Panasonic,NP-6F1FFHCA,,885170347267,Standard,,,,,,,,249,307.0,19.0,3.5,5.0,30.0,No,,,,,05/17/2018,04/24/2018,Canada,ES_1141774_NP-6F1FFHCA_05242018125148_70178797,No,NP-6F1FFHCA
2351539,Porter & Charles,VE-DWVFI,,0798190150659,Standard,,,,,,,,260,307.0,15.0,3.4,5.0,32.0,No,,,,,03/01/2020,12/18/2019,Canada,ES_1123029_VE-DWVFI_12182019175130_1490422,No,VE-DWVFI
2389700,Porter & Charles,VE-DWVFI18,,,Standard,,,,,,,,260,307.0,15.0,3.4,5.0,32.0,No,,,,,01/01/2022,12/23/2021,Canada,ES_1123029_VE-DWVFI18_121720210647494_9089315,No,VE-DWVFI18
2389699,Porter & Charles,VE-DWVFI82,,,Standard,,,,,,,,260,307.0,15.0,3.4,5.0,32.0,No,,,,,01/01/2022,12/23/2021,Canada,ES_1123029_VE-DWVFI82_121720210647641_8256798,No,VE-DWVFI82
2389701,Porter & Charles,VE-DWVSS,,,Standard,,,,,,,,260,307.0,15.0,3.4,5.0,32.0,No,,,,,01/01/2022,12/23/2021,Canada,ES_1123029_VE-DWVSS_121720210647273_8881990,No,VE-DWVSS
2376430,RCA,RDW1809-B-WHITE,,58465805104,Standard,,,,,,,,240,307.0,22.0,3.5,5.0,30.0,No,,,,,02/26/2020,02/24/2020,"United States, Canada",ES_1120898_RDW1809-B-WHITE_03262020041813_80029765,No,RDW1809-B-WHITE
2358415,Samsung,DW50T6060**,,"887276412665;
887276412658",Standard,,,,,,,,259,307.0,16.0,3.4,5.0,32.0,No,,,,,04/17/2020,04/23/2020,"United States, Canada",ES_1023593_DW50T6060**_04232020134047_9247222,No,DW50T6060..
2507681,Samsung,DW50T6060**,",,Remark: * could be A-Z, a-z, 0-9, - or blank.",887276412658;887276412665,Standard,17.7,22.4,8.0,Yes,Stainless Steel,Air Dry,None,240,307.0,22.0,3.2,5.0,36.0,No,,,,,05/10/2023,05/31/2023,"United States, Canada",ES_1023593_DW50T6060**_053120230316233_3269455,Yes,DW50T6060..
2331225,Samsung,DW60R2014**,,887276303536,Standard,,,,,,,,265,307.0,14.0,3.5,5.0,30.0,No,,,,,12/08/2018,12/11/2018,"United States, Canada",ES_1023593_DW60R2014**_12112018133036_5036096,No,DW60R2014..
2507682,Samsung,DW60R2014**,",,Remark: * could be A-Z, a-z, 0-9, - or blank",887276303529;887276303536,Standard,23.6,22.4,8.0,Yes,Stainless Steel,Air Dry,None,240,307.0,22.0,3.2,5.0,36.0,No,,,,,05/10/2023,05/31/2023,"United States, Canada",ES_1023593_DW60R2014**_053120230335599_3455295,Yes,DW60R2014..
2339119,Samsung,DW60R2014AP,,887276303529,Standard,,,,,,,,265,307.0,14.0,3.5,5.0,30.0,No,,,,,05/21/2019,06/01/2019,"United States, Canada",ES_1023593_DW60R2014AP_06022019014259_9779038,No,DW60R2014AP
2388107,Samsung,DW80B6060**,,887276616384;887276616391,Standard,,,,,,,,239,307.0,22.0,3.2,5.0,36.0,No,,,,,03/04/2022,11/03/2021,"United States, Canada",ES_1023593_DW80B6060**_11152021114259_80104263,Yes,DW80B6060..
2409711,Samsung,DW80B6060**,,887276616384;887276616391;887276618401;887276618418,Standard,23.9,25.0,12.0,Yes,Stainless Steel,Automatic Door Release,"Top Controls,Cycle Status Lights,Third Rack",239,307.0,22.0,3.2,5.0,36.0,No,,,,,03/04/2022,02/26/2023,"United States, Canada",ES_1023593_DW80B6060**3_03062023133133_80157955,Yes,DW80B6060..
2388108,Samsung,DW80B6061**,,887276609683;887276616407,Standard,,,,,,,,239,307.0,22.0,3.2,5.0,36.0,No,,,,,03/04/2022,11/03/2021,"United States, Canada",ES_1023593_DW80B6061**_11152021114259_80104263,Yes,DW80B6061..
2409712,Samsung,DW80B6061**,,887276609683;887276616407,Standard,23.9,25.0,12.0,Yes,Stainless Steel,Automatic Door Release,"Top Controls,Cycle Status Lights,Third Rack",239,307.0,22.0,3.2,5.0,36.0,No,,,,,03/04/2022,02/26/2023,"United States, Canada",ES_1023593_DW80B6061**3_03062023133133_80157955,Yes,DW80B6061..
2388105,Samsung,DW80B7070**,,887276609690;887276609706;887276616414,Standard,,,,,,,,239,307.0,22.0,3.2,5.0,36.0,No,,,,,02/25/2022,11/03/2021,"United States, Canada",ES_1023593_DW80B7070**_11152021114259_80104263,Yes,DW80B7070..
2409708,Samsung,DW80B7070**,,887276609690;887276609706;887276616414;887276616544;887276618425;887276618432,Standard,23.9,25.0,12.0,Yes,Stainless Steel,Automatic Door Release,"Top Controls,Cycle Status Lights,Third Rack",239,307.0,22.0,3.2,5.0,36.0,No,,,,,02/25/2022,02/26/2023,"United States, Canada",ES_1023593_DW80B7070**3_03062023133133_80157955,Yes,DW80B7070..
2388106,Samsung,DW80B7071**,,887276616421;887276616438,Standard,,,,,,,,239,307.0,22.0,3.2,5.0,36.0,No,,,,,03/11/2022,11/03/2021,"United States, Canada",ES_1023593_DW80B7071**_11152021114259_80104263,Yes,DW80B7071..
2409710,Samsung,DW80B7071**,,887276616421;887276616438,Standard,23.9,25.0,12.0,Yes,Stainless Steel,Automatic Door Release,"Top Controls,Cycle Status Lights,Third Rack",239,307.0,22.0,3.2,5.0,36.0,No,,,,,03/11/2022,02/26/2023,"United States, Canada",ES_1023593_DW80B7071**3_03062023133133_80157955,Yes,DW80B7071..
2401548,Samsung,DW80BB7070****,,887276657400,Standard,,,,,,,,239,307.0,22.0,3.2,5.0,36.0,No,,,,,07/06/2022,11/03/2021,"United States, Canada",ES_1023593_DW80BB7070****_09152022110800_80122064,Yes,DW80BB7070....
2409709,Samsung,DW80BB7070****,,887276657400,Standard,23.9,25.0,12.0,Yes,Stainless Steel,Automatic Door Release,"Top Controls,Cycle Status Lights,Third Rack",239,307.0,22.0,3.2,5.0,36.0,No,,,,,07/06/2022,02/26/2023,"United States, Canada",ES_1023593_DW80BB7070****3_03062023133133_80157955,Yes,DW80BB7070....
2485651,Samsung,DW80CG4021**,",,Remark: * could be A-Z, a-z, 0-9, - or blank",887276772882;887276772899,Standard,23.8,24.6,8.0,Yes,Plastic,Heated Dry,None,239,307.0,22.0,3.2,5.0,36.0,No,,,,,04/20/2023,05/16/2023,"United States, Canada",ES_1023593_DW80CG4021**_051620230349124_2844214,Yes,DW80CG4021..
2485652,Samsung,DW80CG4051**,",,Remark: * could be A-Z, a-z, 0-9, - or blank",887276772882;887276772899,Standard,23.8,24.6,8.0,Yes,Plastic,Heated Dry,None,239,307.0,22.0,3.2,5.0,36.0,No,,,,,04/20/2023,05/16/2023,"United States, Canada",ES_1023593_DW80CG4051**_051620230349151_2194033,Yes,DW80CG4051..
2250460,Samsung,DW80J3020**,,887276105529; 887276105543; 887276105505,Standard,,,,,,,,265,307.0,14.0,3.5,5.0,30.0,No,,,,,06/17/2015,07/06/2015,Canada,ES_1023593_DW80J3020**_09082015215940_9580901,No,DW80J3020..
2263586,Samsung,DW80K5050**,,887276242149;67732152605;67732152612;67732152629;887276255750,Standard,,,,,,,,265,307.0,14.0,3.5,5.0,30.0,No,,,,,03/29/2016,04/01/2016,Canada,ES_1023593_DW80K5050**_04012016142816_0896126,No,DW80K5050..
2286364,Samsung,DW80M2020US,,887276196381,Standard,,,,,,,,249,307.0,19.0,3.5,5.0,30.0,No,,,,,12/12/2016,12/16/2016,"United States, Canada",ES_1023593_DW80M2020US_12162016221634_6594957,No,DW80M2020US
2300376,Samsung,DW80M3021**,,887276238296,Standard,,,,,,,,265,307.0,14.0,3.5,5.0,30.0,No,,,,,07/19/2017,07/21/2017,"United States, Canada",ES_1023593_DW80M3021**_07212017150143_9303527,No,DW80M3021..
2320630,Samsung,DW80N3030**,," 
887276269887;887276269870; 
887276269894",Standard,,,,,,,,255,307.0,17.0,3.5,5.0,30.0,No,,,,,06/01/2018,05/31/2018,"United States, Canada",ES_1023593_DW80N3030**_05312018153349_0829142,No,DW80N3030..
2330405,Samsung,DW80R2031**,,887276305004,Standard,,,,,,,,255,307.0,17.0,3.5,5.0,30.0,No,,,,,11/30/2018,11/29/2018,"United States, Canada",ES_1023593_DW80R2031**_11292018194204_0524131,No,DW80R2031..
2336684,Samsung,DW80R5060**,,887276338699;887276338705,Standard,,,,,,,,265,307.0,14.0,3.5,5.0,30.0,No,,,,,04/09/2019,04/12/2019,"United States, Canada",ES_1023593_DW80R5060**_04122019205309_2389656,No,DW80R5060..
2336685,Samsung,DW80R5061**,,887276338736;876338712;87276338729,Standard,,,,,,,,265,307.0,14.0,3.5,5.0,30.0,No,,,,,04/09/2019,04/12/2019,"United States, Canada",ES_1023593_DW80R5061**_04122019205229_2349587,No,DW80R5061..
2335136,Samsung,DW80R7*****,,887276297170;887276337777;887276297163;887276335087,Standard,,,,,,,,239,307.0,22.0,3.2,5.0,36.0,No,,,,,06/24/2019,03/25/2019,"United States, Canada",ES_1023593_DW80R7*****_03252019093414_70218926,Yes,DW80R7.....
2331289,Samsung,DW80R995***,,887276296623,Standard,,,,,,,,239,307.0,22.0,3.2,5.0,36.0,No,,,,,02/20/2019,11/14/2018,"United States, Canada",ES_1023593_DW80R995***_12122018123632_70206078,Yes,DW80R995...
2409707,Samsung,DW80R995***,,887276296623;887276296630;887276296647;887276296654;887276320137;887276581798,Standard,23.9,25.0,12.0,Yes,Stainless Steel,Automatic Door Release,"Top Controls,Cycle Status Lights,Third Rack",239,307.0,22.0,3.2,5.0,36.0,No,,,,,02/20/2019,02/26/2023,"United States, Canada",ES_1023593_DW80R995*** 3_03062023133133_80157955,Yes,DW80R995...
2356250,Samsung,DW80T3040**,",,* Denotes cosmetic differences, * could be from 0 to 9 or from A to Z",887276425146,Standard,,,,,,,,265,307.0,14.0,3.5,5.0,30.0,No,,,,,03/12/2020,03/12/2020,"United States, Canada",ES_1023593_DW80T3040**_03122020155003_8203901,No,DW80T3040..
2371714,Samsung,DW80T5040**,,887276525082,Standard,,,,,,,,264,307.0,14.0,3.5,5.0,30.0,No,,,,,01/08/2021,12/29/2020,"United States, Canada",DW80T5040**,No,DW80T5040..
2508300,Sharp,SDW6506**,",,* could be A-Z, a-z, 0-9, - or blank.",074000622265,Standard,23.6,22.7,8.0,Yes,Hybrid (Plastic & Steel),Heated Dry,Top Controls,240,307.0,22.0,3.2,5.0,36.0,No,,,,,05/19/2023,06/14/2023,United States,ES_41229_SDW6506**_061420230250529_4869442,Yes,SDW6506..
2294674,Smeg,ST8246U,",STU8249,; ,STU8649,; ,STU8649X,",,Standard,,,,,,,,265,307.0,14.0,3.4,5.0,32.0,No,,,,No,03/25/2016,06/09/2016,"United States, Canada",ES_92281_ST8646U_02232017084648_930444,No,ST8246U
2376406,Smeg,STU1846-1,,8017709237103,Standard,,,,,,,,239,307.0,22.0,2.7,5.0,46.0,No,,,,No,04/15/2016,04/26/2021,"United States, Canada",ES_92281_STU1846-1_09292020111816_1460992,No,STU1846-1
2369838,Miele,PFD 101 i,,4002516366904;4002516366843,Standard,,,,,,,,270,307.0,12.0,3.3,5.0,34.0,No,,,,,06/01/2021,11/20/2020,"United States, Canada",ES_0031629_PFD 101 i_11202020035223_80063201,No,PFD 101 i
2369839,Miele,PFD 101 U,,4002516366911;4002516366850,Standard,,,,,,,,270,307.0,12.0,3.3,5.0,34.0,No,,,,,06/01/2021,11/20/2020,"United States, Canada",ES_0031629_PFD 101 U_11202020035223_80063201,No,PFD 101 U
2369840,Miele,PFD 102 i,,4002516366867;4002516366928,Standard,,,,,,,,270,307.0,12.0,3.3,5.0,34.0,No,,,,,06/01/2021,11/20/2020,"United States, Canada",ES_0031629_PFD 102 i_11202020035223_80063201,No,PFD 102 i
2369841,Miele,PFD 103 SCi XXL,,4002516366874;4002516366935,Standard,,,,,,,,270,307.0,12.0,3.3,5.0,34.0,No,,,,,06/01/2021,11/20/2020,"United States, Canada",ES_0031629_PFD 103 SCi XXL_11202020035223_80063201,No,PFD 103 SCi XXL
2248032,Miele,PG 8080,,4002515132890,Standard,,,,,,,,270,307.0,12.0,3.5,5.0,30.0,No,,,,,03/01/2015,07/31/2015,Canada,ES_0031629_PG 8080_09152015031128_70042141,No,PG 8080
2248029,Miele,PG 8080 i,,4002515132838;4002515132869;4002515132906,Standard,,,,,,,,270,307.0,12.0,3.5,5.0,30.0,No,,,,,03/01/2015,07/31/2015,"United States, Canada",ES_0031629_PG 8080 i_09152015031128_70042141,No,PG 8080 i
2248031,Miele,PG 8080 U,,4002515194782,Standard,,,,,,,,270,307.0,12.0,3.5,5.0,30.0,No,,,,,03/01/2015,07/31/2015,Canada,ES_0031629_PG 8080 U_09152015031128_70042141,No,PG 8080 U
2248030,Miele,PG 8083 SCVi,,4002515132876 ;4002515132913;4002515132883,Standard,,,,,,,,270,307.0,12.0,3.5,5.0,30.0,No,,,,,03/01/2015,07/31/2015,"United States, Canada",ES_0031629_PG 8083 SCVi_09152015031128_70042141,No,PG 8083 SCVi
2304081,Miele,PG 8130 U,,4002515818916;4002515960752,Standard,,,,,,,,270,307.0,12.0,3.5,5.0,30.0,No,,,,,02/01/2018,09/25/2017,Canada,ES_0031629_PG 8130 U_09262017082522_70157286,No,PG 8130 U
2304082,Miele,PG 8131 i,,4002515818954,Standard,,,,,,,,270,307.0,12.0,3.5,5.0,30.0,No,,,,,02/01/2018,09/25/2017,United States,ES_0031629_PG 8131 i_09262017082522_70157286,No,PG 8131 i
2304083,Miele,PG 8133 SCVi,,4002515818893;4002515818862;4002515960776;4002515818909;4002515818961,Standard,,,,,,,,270,307.0,12.0,3.5,5.0,30.0,No,,,,,02/01/2018,09/25/2017,"United States, Canada",ES_0031629_PG 8133 SCVi_09262017082522_70157286,No,PG 8133 SCVi
2370626,Moffat,MBF420**P**,,67732155774,Standard,,,,,,,,234,307.0,24.0,3.5,5.0,30.0,No,,,,,12/20/2020,12/07/2020,Canada,ES_92277_MBF420**P**_120720201530671_3909926,No,MBF420..P..
2282216,Miele,G 4948 SCU,,4002515787267;4002515787274;4002515787281;4002515787052;4002515787076;4002515787069,Standard,,,,,,,,230,307.0,25.0,3.2,5.0,36.0,No,,,,,03/20/2017,10/25/2016,"United States, Canada",ES_0031629_G 4948 SCU_10252016030307_70105233,Yes,G 4948 SCU
2282215,Miele,G 4948 U,,4002515787236;4002515787021;4002515787045;4002515787229;4002515787250;4002515787038,Standard,,,,,,,,230,307.0,25.0,3.2,5.0,36.0,No,,,,,03/20/2017,10/25/2016,"United States, Canada",ES_0031629_G 4948 U_10252016030307_70105233,Yes,G 4948 U
2255017,Miele,G 4970 SCVi,,4002515546352;4002515546901,Standard,,,,,,,,270,307.0,12.0,3.2,5.0,36.0,No,,,,,03/01/2015,12/10/2015,"United States, Canada",ES_0031629_G 4970 SCVi_12162015020838_70057049,No,G 4970 SCVi
2278994,Miele,G 4971 SCVi,,4002515723142;4002515722480,Standard,,,,,,,,230,307.0,25.0,3.2,5.0,36.0,No,,,,,03/20/2017,09/07/2016,"United States, Canada",ES_0031629_G 4971 SCVi_09122016020545_70097737,Yes,G 4971 SCVi
2255020,Miele,G 4975 SCVi,,4002515545881;4002515547021,Standard,,,,,,,,270,307.0,12.0,3.2,5.0,36.0,No,,,,,03/01/2015,12/10/2015,"United States, Canada",ES_0031629_G 4975 SCVi_12162015020838_70057049,No,G 4975 SCVi
2255021,Miele,G 4975 SCVi SF,,4002515545898;4002515546574,Standard,,,,,,,,270,307.0,12.0,3.2,5.0,36.0,No,,,,,03/01/2015,12/10/2015,"United States, Canada",ES_0031629_G 4975 SCVi SF_12162015020838_70057049,No,G 4975 SCVi SF
2255018,Miele,G 4975 Vi,,4002515545874;4002515547014,Standard,,,,,,,,270,307.0,12.0,3.2,5.0,36.0,No,,,,,03/01/2015,12/10/2015,"United States, Canada",ES_0031629_G 4975 Vi_12162015020838_70057049,No,G 4975 Vi
2255019,Miele,G 4975 Vi SF,,4002515614815,Standard,,,,,,,,270,307.0,12.0,3.2,5.0,36.0,No,,,,,03/01/2015,12/10/2015,United States,ES_0031629_G 4975 Vi SF_12162015020838_70057049,No,G 4975 Vi SF
2278997,Miele,G 4976 SCVi,,4002515723173;4002515722916,Standard,,,,,,,,230,307.0,25.0,3.2,5.0,36.0,No,,,,,03/20/2017,09/07/2016,"United States, Canada",ES_0031629_G 4976 SCVi_09122016020545_70097737,Yes,G 4976 SCVi
2278998,Miele,G 4976 SCVi SF,,4002515722923;4002515723180,Standard,,,,,,,,230,307.0,25.0,3.2,5.0,36.0,No,,,,,03/20/2017,09/07/2016,"United States, Canada",ES_0031629_G 4976 SCVi SF_09122016020545_70097737,Yes,G 4976 SCVi SF
2278995,Miele,G 4976 Vi,,4002515722497;4002515723159,Standard,,,,,,,,230,307.0,25.0,3.2,5.0,36.0,No,,,,,03/20/2017,09/07/2016,"United States, Canada",ES_0031629_G 4976 Vi_09122016020545_70097737,Yes,G 4976 Vi
2278996,Miele,G 4976 Vi SF,,4002515723166;4002515722503,Standard,,,,,,,,230,307.0,25.0,3.2,5.0,36.0,No,,,,,03/20/2017,09/07/2016,"United States, Canada",ES_0031629_G 4976 Vi SF_09122016020545_70097737,Yes,G 4976 Vi SF
2298450,Miele,G 4977 SCVi SF,,4002515941744,Standard,,,,,,,,230,307.0,25.0,3.2,5.0,36.0,No,,,,,10/15/2017,06/25/2017,United States,ES_0031629_G 4977 SCVi SF_06252017085934_70144127,Yes,G 4977 SCVi SF
2298449,Miele,G 4977 Vi SF,,4002515941737,Standard,,,,,,,,230,307.0,25.0,3.2,5.0,36.0,No,,,,,10/15/2017,06/25/2017,United States,ES_0031629_G 4977 Vi SF_06252017085934_70144127,Yes,G 4977 Vi SF
2282217,Miele,G 4993 SCVi,,4002515787298;4002515787083,Standard,,,,,,,,230,307.0,25.0,3.2,5.0,36.0,No,,,,,03/20/2017,10/25/2016,"United States, Canada",ES_0031629_G 4993 SCVi_10252016030307_70105233,Yes,G 4993 SCVi
2282220,Miele,G 4998 SCVi,,4002515787328;4002515787212,Standard,,,,,,,,230,307.0,25.0,3.2,5.0,36.0,No,,,,,03/20/2017,10/25/2016,"United States, Canada",ES_0031629_G 4998 SCVi_10252016030307_70105233,Yes,G 4998 SCVi
2282221,Miele,G 4998 SCVi SF,,4002515807880;4002515787311,Standard,,,,,,,,230,307.0,25.0,3.2,5.0,36.0,No,,,,,03/20/2017,10/25/2016,"United States, Canada",ES_0031629_G 4998 SCVi SF_10252016030307_70105233,Yes,G 4998 SCVi SF
2282218,Miele,G 4998 Vi,,4002515787304;4002515787090,Standard,,,,,,,,230,307.0,25.0,3.2,5.0,36.0,No,,,,,03/20/2017,10/25/2016,"United States, Canada",ES_0031629_G 4998 Vi_10252016030307_70105233,Yes,G 4998 Vi
2282219,Miele,G 4998 Vi SF,,4002515787106,Standard,,,,,,,,230,307.0,25.0,3.2,5.0,36.0,No,,,,,03/20/2017,10/25/2016,United States,ES_0031629_G 4998 Vi SF _10252016030307_70105233,Yes,G 4998 Vi SF
2384340,Miele,G 5008 SCU,,4002516523550,Standard,,,,,,,,230,307.0,25.0,3.2,5.0,36.0,No,,,,,02/01/2022,09/15/2021,United States,ES_0031629_G 5008 SCU_09162021102247_80097444,Yes,G 5008 SCU
2508395,Miele,G 5008 SCU,,4002516523550,Standard,23.6,21.8,16.0,Yes,Stainless Steel,Condensation Dry,"Front Controls,Cycle Status Lights,Third Rack",230,307.0,25.0,3.2,5.0,36.0,No,,,,,10/09/2022,06/15/2023,United States,ES_0031629_G 5008 SCU_06152023121128_80173476,Yes,G 5008 SCU
2338544,LYCAN,LDW2401SS,,6926697012369,Standard,,,,,,,,234,307.0,24.0,3.5,5.0,30.0,No,,,,,05/15/2019,05/17/2019,"United States, Canada",ES_1140355_LDW2401SS_05172019112744_2464766,No,LDW2401SS
2390609,Magic Chef,MCSDW7FCB,,665679017577,Standard,,,,,,,,260,307.0,15.0,3.4,5.0,32.0,No,,,,,03/01/2022,01/18/2022,United States,ES_1107227_MCSDW7FCB_011320220437503_4430579,No,MCSDW7FCB
2390610,Magic Chef,MCSDW7FCW,,665679017560,Standard,,,,,,,,260,307.0,15.0,3.4,5.0,32.0,No,,,,,03/01/2022,01/18/2022,United States,ES_1107227_MCSDW7CW_01132022043735_2209443,No,MCSDW7FCW
2390611,Magic Chef,MCSDW8TCST,,665679017553,Standard,,,,,,,,260,307.0,15.0,3.4,5.0,32.0,No,,,,,03/01/2022,01/18/2022,United States,ES_1107227_MCSDW8TCST_011320220437828_5473301,No,MCSDW8TCST
2256405,Maytag,MDB6949SD**,, 883049332536; 883049330884; 883049323619;883049323602; 883049330877; 883049322995,Standard,,,,,,,,270,307.0,12.0,3.3,5.0,34.0,No,,,,,05/05/2014,01/11/2016,"United States, Canada",ES_22856_MDB6949SD**_01092016004444_0284760,No,MDB6949SD..
2294814,Midea,MDC3602FBB3A,,876840016227,Compact,,,,,,,,203,,,3.1,,,No,,,,,04/24/2017,03/23/2017,"United States, Canada",ES_1030337_MDC3602FBB3A   _04242017020345_70117160,No,MDC3602FBB3A
2294815,Midea,MDC3602FSS3A,,876840016228,Compact,,,,,,,,203,,,3.1,,,No,,,,,04/24/2017,03/23/2017,"United States, Canada",ES_1030337_MDC3602FSS3A_04242017020345_70117160,No,MDC3602FSS3A
2294813,Midea,MDC3602FWW3A,,876840016226,Compact,,,,,,,,203,,,3.1,,,No,,,,,04/24/2017,03/23/2017,"United States, Canada",ES_1030337_MDC3602FWW3A_04242017020345_70117160,No,MDC3602FWW3A
2406600,Midea,MDF18A1A**,",,Remark: * could be A-Z, a-z, 0-9, - or blank",840296503553;840296503560;840296503577,Standard,,,,,,,,232,307.0,24.0,3.1,5.0,38.0,No,,,,,01/01/2023,01/10/2023,"United States, Canada",ES_1030337_MDF18A1A**_011020230330429_8331532,No,MDF18A1A..
2470862,Midea,MDF18A1A**,",,Remark: * could be A-Z, a-z, 0-9, - or blank.",840296503553;840296503560;840296503577,Standard,17.6,22.6,8.0,Yes,Stainless Steel,Heated Dry,None,234,307.0,24.0,3.1,5.0,38.0,No,,,,,04/01/2023,04/27/2023,United States,ES_1030337_MDF18A1A**_042720230115847_3299820,Yes,MDF18A1A..
2508267,Midea,MDF24P0***,",,Remark: * could be A-Z, a-z, 0-9, - or blank.",687636005366,Standard,23.9,24.5,14.0,Yes,Stainless Steel,Heated Dry,None,240,307.0,22.0,3.2,5.0,36.0,No,,,,,05/18/2023,06/13/2023,Canada,ES_1030337_MDF24P0***_061320230227714_2817193,Yes,MDF24P0...
2395153,Midea,MDF24P01**,",,* can be A-Z, a-z, 0-9, - or blank",687636005366,Standard,,,,,,,,249,307.0,19.0,3.5,5.0,30.0,No,,,,,04/19/2022,04/28/2022,Canada,ES_1030337_MDF24P01**_042820220132529_5318687,No,MDF24P01..
2406377,UNIQUE,UGP-24CR DW W,,680309002976,Standard,,,,,,,,249,307.0,19.0,3.5,5.0,30.0,No,,,,,12/01/2022,12/29/2022,"United States, Canada",ES_1142812_UGP-24CR DW W_122920220512537_7344292,No,UGP-24CR DW W
2508298,UNIQUE,UGP-24CR DW W,,680309002976,Standard,24.0,27.4,8.0,Yes,Stainless Steel,Heated Dry,None,240,307.0,22.0,3.2,5.0,36.0,No,,,,,05/18/2023,06/14/2023,"United States, Canada",ES_1142812_UGP-24CR DW W_06142023033313_7464002,Yes,UGP-24CR DW W
2355547,Verona,VEDW24TSS,,810012680219,Standard,,,,,,,,249,307.0,19.0,3.5,5.0,30.0,No,,,,,02/24/2020,03/03/2020,United States,ES_1144004_VEDW24TSS_03032020161929_2369817,No,VEDW24TSS
2378492,Walsh,WSDW12F**A5A,,,Standard,,,,,,,,270,307.0,12.0,3.5,5.0,30.0,No,,,,,04/20/2021,04/26/2021,"United States, Canada",ES_1108549_WSDW12F**A5A_052720210230128_8650065,No,WSDW12F..A5A
2378493,Walsh,WSDW12T**A5A,,,Standard,,,,,,,,270,307.0,12.0,3.5,5.0,30.0,No,,,,,04/20/2021,04/26/2021,"United States, Canada",ES_1108549_WSDW12T**A5A_052720210230784_6508491,No,WSDW12T..A5A
2507982,Whirlpool,UDPS5118PP,,883049682846,Standard,17.6,21.7,8.0,Yes,Stainless Steel,Heated Dry,None,234,307.0,24.0,3.1,5.0,38.0,No,,,,,05/10/2023,06/07/2023,"United States, Canada",ES_22856_UDPS5118PP_060720230640479_3631617,Yes,UDPS5118PP
2306711,Whirlpool,WDF518SAHB,",WDF518SAHM,UPC - 883049466453; ,WDF518SAHW,UPC - 883049466460",883049466477,Standard,,,,,,,,234,307.0,24.0,3.1,5.0,38.0,No,,,,,11/17/2017,11/20/2017,"United States, Canada",ES_22856_WDF518SAHB_11222017164559_9159172,No,WDF518SAHB
2306710,Whirlpool,WDF550SAHB,",WDF550SAHS,UPC - 883049466491; ,WDF550SAHW,UPC - 883049467207",883049467214,Standard,,,,,,,,234,307.0,24.0,3.5,5.0,30.0,No,,,,,11/17/2017,11/20/2017,"United States, Canada",ES_22856_WDF550SAHB_11222017162157_7717956,No,WDF550SAHB
2256281,Whirlpool,WDF780SLY**,,883049248387; 883049248370; 883049248394,Standard,,,,,,,,245,307.0,20.0,2.85,5.0,43.0,No,,,,,07/08/2011,01/08/2016,"United States, Canada",ES_22856_WDF780SLY**_01082016192131_0891566,No,WDF780SLY..
2260939,Whirlpool,WDL785SAA**,,883049266862,Standard,,,,,,,,260,307.0,15.0,2.85,5.0,43.0,No,,,,,03/25/2013,02/26/2016,"United States, Canada",ES_22856_WDL785SAA**_02262016230605_7965997,No,WDL785SAA..
2507981,Whirlpool,WDPS5118P*,",,Remark * could be A-Z, a-z, 0-9, - or blank.",883049682815;883049682822;883049682839,Standard,17.6,22.4,8.0,Yes,Stainless Steel,Heated Dry,None,234,307.0,24.0,3.1,5.0,38.0,No,,,,,05/10/2023,06/07/2023,"United States, Canada",ES_22856_WDPS5118P*_060720230642882_3019775,Yes,WDPS5118P.
2295928,Whirlpool,WDT755SAH**,,883049432885,Standard,,,,,,,,270,307.0,12.0,3.5,5.0,30.0,No,,,,,05/29/2017,05/12/2017,"United States, Canada",ES_22856_WDT755SAH**_05122017165749_8269902,No,WDT755SAH..
2256282,Whirlpool,WDT790SLY**,,883049239361; 883049239378; 883049239385,Standard,,,,,,,,245,307.0,20.0,2.85,5.0,43.0,No,,,,,07/08/2011,01/08/2016,"United States, Canada",ES_22856_WDT790SLY**_01082016192210_0930909,No,WDT790SLY..
2295930,Whirlpool,WDTA55SAH**,,883049432908,Standard,,,,,,,,270,307.0,12.0,3.5,5.0,30.0,No,,,,,05/29/2017,05/12/2017,"United States, Canada",ES_22856_WDTA55SAH**_05122017165951_8391742,No,WDTA55SAH..
2507613,Whynter,CDW-6831WESa,,852749006542,Compact,21.7,19.7,6.0,Yes,Hybrid (Plastic & Steel),Air Dry,None,155,,,2.0,,,No,,,,,04/01/2023,04/14/2023,"United States, Canada",ES_0092264_CDW-6831WESa_05292023110806_80164647,Yes,CDW-6831WESa
2378485,Willz,WLDW12F**A5A,,,Standard,,,,,,,,270,307.0,12.0,3.5,5.0,30.0,No,,,,,04/20/2021,04/26/2021,"United States, Canada",ES_1108549_WLDW12F**A5A_05272021014881_9082883,No,WLDW12F..A5A
2378484,Willz,WLDW12T**A5A,,,Standard,,,,,,,,270,307.0,12.0,3.5,5.0,30.0,No,,,,,04/20/2021,04/26/2021,"United States, Canada",ES_1108549_WLDW12T**A5A_052720210148660_8457568,No,WLDW12T..A5A
2368866,ZLINE Kitchen and Bath,DWV-18,,810058122049,Standard,,,,,,,,250,307.0,19.0,3.2,5.0,36.0,No,,,,,02/01/2021,10/28/2020,"United States, Canada",ES_1141731_DWV-18_10282020223701_4621462,No,DWV-18
2368867,ZLINE Kitchen and Bath,DWV-24,,810058122056,Standard,,,,,,,,260,307.0,15.0,3.4,5.0,32.0,No,,,,,02/01/2021,10/28/2020,"United States, Canada",ES_1141731_DWV-24_10282020224624_5184288,No,DWV-24
2388186,Smeg,STU2FABBL2,",LSPU8653X,; ,STU2FABCR2,; ,STU2FABRD2,; ,STU2FABWH2,; ,STU8633,",8017709303594;8017709303600;8017709303617;8017709303624;8017709303655;8017709303754,Standard,,,,,,,,235,307.0,23.0,2.8,5.0,44.0,No,,,,,07/16/2021,11/16/2021,"United States, Canada",ES_92281_STU2FABBL2_09172021144045_331384,No,STU2FABBL2
2388188,Smeg,STU8212,",LSPU8212S,; ,LSPU8612S,; ,STU8612,; ,STU8612X,",8017709303631;8017709303662;8017709303693;8017709303709;8017709303716,Standard,,,,,,,,265,307.0,14.0,3.4,5.0,32.0,No,,,,,07/16/2021,11/17/2021,"United States, Canada","ES_92281_STU8212, STU8612, STU8612X, LSPU8612S, LSPU8212S_09202021113808_1892663",No,STU8212
2388185,Smeg,STU8222,,8017709303686,Standard,,,,,,,,260,307.0,15.0,3.4,5.0,32.0,No,,,,,07/16/2021,11/16/2021,"United States, Canada",ES_92281_STU8222_09202021141308_5953790,No,STU8222
2387948,Smeg,STU8623,",LSPU8643BL,; ,LSPU8643WH,; ,LSPU8643X,; ,STU8623X,",8017709303648;8017709303679;8017709303723;8017709303730;8017709303747,Standard,,,,,,,,255,307.0,17.0,3.4,5.0,32.0,No,,,,,07/16/2021,11/08/2021,"United States, Canada",ES_92281_STU8623_09202021134941_418512,No,STU8623
2306889,Smeg,STU8647,",STFABUBL-1,; ,STFABUCR-1,; ,STFABUPB-1,; ,STFABURD-1,; ,STFABUWH,; ,STU8647X,",8017709216634;8017709216641;8017709216627;8017709216658,Standard,,,,,,,,245,307.0,20.0,2.8,5.0,44.0,No,,,,No,11/22/2017,11/24/2017,"United States, Canada",ES_92281_STFABUBL_11232017135650_2794153,No,STU8647
2373235,SPT,SD-2213S,,876840012721,Compact,,,,,,,,203,,,3.1,,,No,,,,,01/20/2021,04/24/2018,"United States, Canada",ES_1084573_SD-2213S_02032021124902_80068184,No,SD-2213S
2373236,SPT,SD-2213W,,876840012738,Compact,,,,,,,,203,,,3.1,,,No,,,,,01/20/2021,04/24/2018,"United States, Canada",ES_1084573_SD-2213W_02032021124902_80068184,No,SD-2213W
2507606,SPT,SD-2224**,,876840012707;876840012714,Compact,21.7,19.7,6.0,Yes,Hybrid (Plastic & Steel),Air Dry,None,155,,,2.0,,,No,,,,,04/01/2023,04/14/2023,"United States, Canada",ES_0092264_SD-2224**_05292023110806_80164647,Yes,SD-2224..
2373237,SPT,SD-2224DS,,876840012707,Compact,,,,,,,,203,,,3.1,,,No,,,,,01/20/2021,04/24/2018,"United States, Canada",ES_1084573_SD-2224DS_02032021124902_80068184,No,SD-2224DS
2373238,SPT,SD-2224DW,,876840012714,Compact,,,,,,,,203,,,3.1,,,No,,,,,01/20/2021,04/24/2018,"United States, Canada",ES_1084573_SD-2224DW_02032021124902_80068184,No,SD-2224DW
2361475,Summit,DW2436SS,,761101065977,Standard,,,,,,,,234,307.0,24.0,2.66,5.0,47.0,No,,,,,08/01/2020,06/10/2020,"United States, Canada",ES_92282_DW2436SS_06102020163727_7047338,Yes,DW2436SS
2305146,Sunbeam,DWSB3602G**,,817986022762;817986022779;817986022786,Compact,,,,,,,,203,,,3.1,,,No,,,,,10/20/2017,10/17/2017,"United States, Canada",ES_1030337_DWSB3602G**_10172017123055_70157405,No,DWSB3602G..
2305145,Sunbeam,DWSB3607**,,817986021932;817986021949,Compact,,,,,,,,203,,,3.1,,,No,,,,,10/20/2017,10/17/2017,"United States, Canada",ES_1030337_DWSB3607**_10172017123055_70157405,No,DWSB3607..
2406374,UNIQUE,UGP-24CR DW B,,680309002983,Standard,,,,,,,,249,307.0,19.0,3.5,5.0,30.0,No,,,,,12/01/2022,12/29/2022,"United States, Canada",ES_1142812_UGP-24CR DW B_122920220511359_2225523,No,UGP-24CR DW B
2508299,UNIQUE,UGP-24CR DW B,,680309002983,Standard,24.0,27.4,8.0,Yes,Stainless Steel,Heated Dry,None,240,307.0,22.0,3.2,5.0,36.0,No,,,,,05/18/2023,06/14/2023,"United States, Canada",ES_1142812_UGP-24CR DW B_061420230331788_5181842,Yes,UGP-24CR DW B
2406376,UNIQUE,UGP-24CR DW LG,,680309002990,Standard,,,,,,,,249,307.0,19.0,3.5,5.0,30.0,No,,,,,12/01/2022,12/29/2022,"United States, Canada",ES_1142812_UGP-24CR DW LG_122920220512829_1480022,No,UGP-24CR DW LG
2508296,UNIQUE,UGP-24CR DW LG,,680309002990,Standard,24.0,27.4,8.0,Yes,Stainless Steel,Heated Dry,None,240,307.0,22.0,3.2,5.0,36.0,No,,,,,05/18/2023,06/14/2023,"United States, Canada",ES_1142812_UGP-24CR DW LG_061420230332697_9184184,Yes,UGP-24CR DW LG
2406375,UNIQUE,UGP-24CR DW T,,680309003003,Standard,,,,,,,,249,307.0,19.0,3.5,5.0,30.0,No,,,,,12/01/2022,12/29/2022,"United States, Canada",ES_1142812_UGP-24CR DW T_122920220512716_8723578,No,UGP-24CR DW T
2508297,UNIQUE,UGP-24CR DW T,,680309003003,Standard,24.0,27.4,8.0,Yes,Stainless Steel,Heated Dry,None,240,307.0,22.0,3.2,5.0,36.0,No,,,,,05/18/2023,06/14/2023,"United States, Canada",ES_1142812_UGP-24CR DW T_061420230332187_2547350,Yes,UGP-24CR DW T
